"Member","Party","Constituency","Vote.1","Vote.2","Vote.3","Vote.4","Vote.5","Vote.6","Vote.7","Vote.8"
"Diane Abbott","Labour","Hackney North and Stoke Newington","1","1","1","1",NA,"0","0",NA
"Debbie Abrahams","Labour","Oldham East and Saddleworth","1","1","1",NA,NA,"0","0","0"
"Nigel Adams","Conservative","Selby and Ainsty","0","0","0","0","0",NA,"1","0"
"Bim Afolami","Conservative","Hitchin and Harpenden",NA,"0","0","1","0","0",NA,"1"
"Adam Afriyie","Conservative","Windsor","0","0","0","0","0","1","1","0"
"Peter Aldous","Conservative","Waveney","0","0","0","0","0","0","0","1"
"Rushanara Ali","Labour","Bethnal Green and Bow","1","1","1","1","1","0","0","0"
"Heidi Allen","Other","South Cambridgeshire","0","1","0","0","1","0",NA,"0"
"Rosena Allin-Khan","Labour","Tooting","1","1","1","0","1","0","0","0"
"Mike Amesbury","Labour","Weaver Vale","1","1","1","1",NA,"0","0",NA
"David Amess","Conservative","Southend West","0","0","0","0","0","1","1","0"
"Stuart Andrew","Conservative","Pudsey","0","0","0","0","0","1","1","0"
"Tonia Antoniazzi","Labour","Gower","1","1","1","0","1","0","0","0"
"Edward Argar","Conservative","Charnwood","0","0","0","0","0",NA,"0","0"
"Jonathan Ashworth","Labour","Leicester South","1","1","1","1",NA,"0","0",NA
"Victoria Atkins","Conservative","Louth and Horncastle","0","0","0","0","0","0","0","0"
"Ian Austin","Other","Dudley North","1","0","1","1",NA,"0","0",NA
"Richard Bacon","Conservative","South Norfolk","0","0","0","0","0","1","1","0"
"Kemi Badenoch","Conservative","Saffron Walden","0","0","0","0","0",NA,"1","0"
"Adrian Bailey","Labour","West Bromwich West","1","1","1","1",NA,"0","0",NA
"Steve Baker","Conservative","Wycombe","0","0","0","0","0","1","1","0"
"Harriett Baldwin","Conservative","West Worcestershire","0","0","0","0","0",NA,NA,NA
"Hannah Bardell","Scottish National Party","Livingston",NA,"1",NA,NA,"1","0","0","0"
"John Baron","Conservative","Basildon and Billericay","0","0","0","0","0","1",NA,"0"
"Kevin Barron","Labour","Rother Valley","1","0",NA,"0","0","0","0","0"
"Guto Bebb","Conservative","Aberconwy","1","1","0","0","1","0","0","1"
"Margaret Beckett","Labour","Derby South","1","1","1",NA,NA,"0","0",NA
"Henry Bellingham","Conservative","North West Norfolk","0","0","0","0","0","1","1","0"
"Hilary Benn","Labour","Leeds Central","1","1","1","1",NA,"0","0",NA
"Richard Benyon","Conservative","Newbury","1","0","0","1","0","0","0","0"
"Paul Beresford","Conservative","Mole Valley","0","0","0","0","0","0","0","0"
"Luciana Berger","Other","Liverpool, Wavertree","0","1","0","0","1","0","0","0"
"Jake Berry","Conservative","Rossendale and Darwen","0","0","0","0","0","1","0","0"
"Clive Betts","Labour","Sheffield South East","1","1","1","1","1","0","0","0"
"Mhairi Black","Scottish National Party","Paisley and Renfrewshire South",NA,"1",NA,NA,"1","0","0","0"
"Ian Blackford","Scottish National Party","Ross, Skye and Lochaber",NA,"1",NA,NA,"1","0","0","0"
"Bob Blackman","Conservative","Harrow East","0","0","0","0","0","1","1","1"
"Kirsty Blackman","Scottish National Party","Aberdeen North",NA,"1",NA,NA,"1","0","0","0"
"Roberta Blackman-Woods","Labour","City of Durham","1","1","1","1","1","0","0",NA
"Paul Blomfield","Labour","Sheffield Central","1","1","1","1","1","0","0","0"
"Crispin Blunt","Conservative","Reigate","0","0","0","0","0","1","1","0"
"Nick Boles","Conservative","Grantham and Stamford","1",NA,"0","1","0","0","0","1"
"Peter Bone","Conservative","Wellingborough","0","0","0","0","0","1","1","0"
"Peter Bottomley","Conservative","Worthing West","0","0","0","0","0","0",NA,"0"
"Andrew Bowie","Conservative","West Aberdeenshire and Kincardine","0","0","0","0","0","0","0","0"
"Tracy Brabin","Labour","Batley and Spen","1",NA,"1","1",NA,"0","0",NA
"Ben Bradley","Conservative","Mansfield","0","0","0","0","0","1","1","0"
"Ben Bradshaw","Labour","Exeter","1","1","1",NA,"1","0","0","0"
"Graham Brady","Conservative","Altrincham and Sale West","0","0","0","0","0","0","0","0"
"Tom Brake","Other","Carshalton and Wallington",NA,"1",NA,NA,"1","0","0",NA
"Suella Braverman","Conservative","Fareham","0","0","0","0","0","1","1","0"
"Kevin Brennan","Labour","Cardiff West","1","1","1","1","1","0","0",NA
"Jack Brereton","Conservative","Stoke-on-Trent South","0","0","0","0","0","1","1","0"
"Andrew Bridgen","Conservative","North West Leicestershire","0","0","0","0","0","1","1","0"
"Steve Brine","Conservative","Winchester","1",NA,"0","1",NA,"0","0","1"
"Deidre Brock","Scottish National Party","Edinburgh North and Leith",NA,"1",NA,NA,"1","0","0","0"
"Alan Brown","Scottish National Party","Kilmarnock and Loudoun",NA,"1",NA,NA,"1","0","0","0"
"Lyn Brown","Labour","West Ham","1","1","1",NA,"1","0","0","0"
"Nicholas Brown","Labour","Newcastle upon Tyne East","1","1","1","1",NA,"0","0",NA
"Fiona Bruce","Conservative","Congleton","0","0","0","0","0","1","1","0"
"Chris Bryant","Labour","Rhondda","1","1","1","1",NA,"0","0","0"
"Karen Buck","Labour","Westminster North","1","1","1",NA,"1","0","0","0"
"Robert Buckland","Conservative","South Swindon","0","0","0","0","0","0","0","0"
"Richard Burden","Labour","Birmingham, Northfield","1","1","1","1",NA,"0","0","0"
"Alex Burghart","Conservative","Brentwood and Ongar","0","0","0","0","0",NA,NA,"0"
"Richard Burgon","Labour","Leeds East","1","1","1","1",NA,"0","0",NA
"Conor Burns","Conservative","Bournemouth West","0","0","0","0","0","1","1","0"
"Alistair Burt","Conservative","North East Bedfordshire","1",NA,"0","1",NA,"0","0","1"
"Dawn Butler","Labour","Brent Central","1","1","1",NA,NA,"0","0","0"
"Liam Byrne","Labour","Birmingham, Hodge Hill","1","1","1","1",NA,"0","0",NA
"Vince Cable","Other","Twickenham",NA,"1","0",NA,"1","0","0","0"
"Ruth Cadbury","Labour","Brentford and Isleworth","1","1","1","0","1","0","0","0"
"Lisa Cameron","Scottish National Party","East Kilbride, Strathaven and Lesmahagow",NA,"1",NA,NA,"1","0","0","0"
"Gregory Campbell","Other","East Londonderry","0","0","0",NA,"0",NA,"1",NA
"Ronnie Campbell","Labour","Blyth Valley","0","0","0","0","0","1","0","1"
"Alan Campbell","Labour","Tynemouth","1","1","1",NA,NA,"0","0",NA
"Dan Carden","Labour","Liverpool, Walton","1","1","1","1",NA,"0","0",NA
"Alistair Carmichael","Other","Orkney and Shetland",NA,"1",NA,NA,"1","0","0",NA
"James Cartlidge","Conservative","South Suffolk","0","0","0","1","0","0","0","1"
"William Cash","Conservative","Stone","0","0","0","0","0","1","1","0"
"Maria Caulfield","Conservative","Lewes","0","0","0","0","0","1","1","1"
"Alex Chalk","Conservative","Cheltenham","1",NA,"0","0",NA,"0","0","0"
"Sarah Champion","Labour","Rotherham","1","0","1","0","0","0","0","0"
"Douglas Chapman","Scottish National Party","Dunfermline and West Fife",NA,"1",NA,NA,"1","0","0","0"
"Jenny Chapman","Labour","Darlington","1","1","1","1",NA,"0","0",NA
"Bambos Charalambous","Labour","Enfield, Southgate","1","1","1","1","1","0","0",NA
"Joanna Cherry","Scottish National Party","Edinburgh South West",NA,"1",NA,NA,"1","0","0","0"
"Rehman Chishti","Conservative","Gillingham and Rainham","0","0","0","0","0","1",NA,"0"
"Christopher Chope","Conservative","Christchurch","0","0","0","0","0","1","1","0"
"Jo Churchill","Conservative","Bury St Edmunds","0","0","0","0","0","0","0","0"
"Colin Clark","Conservative","Gordon",NA,"0","0","0","0","0",NA,NA
"Kenneth Clarke","Conservative","Rushcliffe","1",NA,"1","1","1","0","0","0"
"Simon Clarke","Conservative","Middlesbrough South and East Cleveland","0","0","0","0","0","1","1","0"
"James Cleverly","Conservative","Braintree","0","0","0","0","0",NA,"0","0"
"Geoffrey Clifton-Brown","Conservative","The Cotswolds","0","0","0","0","0","1","1","0"
"Ann Clwyd","Labour","Cynon Valley","0","1","0","0","1","0","0","0"
"Vernon Coaker","Labour","Gedling","1","1","1","1",NA,"0","0","0"
"Ann Coffey","Other","Stockport","0","1","0","0","1","0","0","0"
"Th?r?se Coffey","Conservative","Suffolk Coastal","0","0","0","0","0",NA,NA,"0"
"Damian Collins","Conservative","Folkestone and Hythe","0","0","0","1","0","0","0","1"
"Julie Cooper","Labour","Burnley","1",NA,"1","1",NA,"0","0",NA
"Rosie Cooper","Labour","West Lancashire","1","0","1","0","0","0","0","0"
"Yvette Cooper","Labour","Normanton, Pontefract and Castleford","1","1","1","1",NA,"0","0",NA
"Jeremy Corbyn","Labour","Islington North","1","1","1","1",NA,"0","0",NA
"Alberto Costa","Conservative","South Leicestershire","0","0","0","1","0","0","0","1"
"Robert Courts","Conservative","Witney","0","0","0","0","0","1","1","1"
"Ronnie Cowan","Scottish National Party","Inverclyde",NA,"1",NA,NA,"1","0","0","0"
"Neil Coyle","Labour","Bermondsey and Old Southwark","1","1","1","0","1","0","0","0"
"Stephen Crabb","Conservative","Preseli Pembrokeshire","1","0","0","1","0","0","0","1"
"David Crausby","Labour","Bolton North East","1","1","1","1","1","0","0","0"
"Angela Crawley","Scottish National Party","Lanark and Hamilton East",NA,"1",NA,NA,"1","0","0","0"
"Mary Creagh","Labour","Wakefield","1","1","1",NA,"1","0","0","0"
"Stella Creasy","Labour","Walthamstow","1","1","1",NA,"1","0","0","0"
"Tracey Crouch","Conservative","Chatham and Aylesford","0","0","0","0","0","1",NA,"0"
"Jon Cruddas","Labour","Dagenham and Rainham","1","0","1","1","0","0","0",NA
"John Cryer","Labour","Leyton and Wanstead","1","1","1","1",NA,"0","0",NA
"Judith Cummins","Labour","Bradford South","1",NA,"1",NA,NA,"0","0",NA
"Alex Cunningham","Labour","Stockton North","1","1","1","1","1","0","0","0"
"Jim Cunningham","Labour","Coventry South","0","1","1","1","0","0","0","0"
"Janet Daby","Labour","Lewisham East","1","1","1",NA,"1","0","0","0"
"Nic Dakin","Labour","Scunthorpe","1","1","1",NA,NA,"0","0",NA
"Edward Davey","Other","Kingston and Surbiton",NA,"1",NA,NA,"1","0","0",NA
"Wayne David","Labour","Caerphilly","1","1","1","1",NA,"0","0",NA
"Chris Davies","Conservative","Brecon and Radnorshire","0","0","0","0","0","1","1","1"
"David T. C. Davies","Conservative","Monmouth","0","0","0","0","0","1","1","0"
"Geraint Davies","Labour","Swansea West","1","1","1",NA,"1","0","0","0"
"Glyn Davies","Conservative","Montgomeryshire","0","0","0","0","0","1","1","1"
"Mims Davies","Conservative","Eastleigh","0","0","0","0","0","1","0","0"
"Philip Davies","Conservative","Shipley","0","0","0","0","0","1","1","0"
"David Davis","Conservative","Haltemprice and Howden","0","0","0","0","0","1","0","0"
"Martyn Day","Scottish National Party","Linlithgow and East Falkirk",NA,"1",NA,NA,"1","0","0","0"
"Marsha De Cordova","Labour","Battersea","1","1","1",NA,"1","0","0","0"
"Gloria De Piero","Labour","Ashfield","1",NA,"1","1",NA,"0","0",NA
"Thangam Debbonaire","Labour","Bristol West","1","1","1","1","1","0","0",NA
"Emma Dent Coad","Labour","Kensington","1","1","1","0","1","0","0","0"
"Tanmanjeet Singh Dhesi","Labour","Slough","1","1","1","1",NA,"0","0",NA
"Caroline Dinenage","Conservative","Gosport","0","0","0","0","0","1","1","0"
"Jonathan Djanogly","Conservative","Huntingdon","1",NA,"0","1","0","0","0","1"
"Martin Docherty-Hughes","Scottish National Party","West Dunbartonshire",NA,"1",NA,NA,"1","0","0","0"
"Anneliese Dodds","Labour","Oxford East","1","1","1","1","1","0","0",NA
"Nigel Dodds","Other","Belfast North","0","0","0",NA,"0",NA,"1",NA
"Jeffrey M. Donaldson","Other","Lagan Valley","0","0","0",NA,"0",NA,"1",NA
"Michelle Donelan","Conservative","Chippenham","0","0","0","0","0",NA,"1","0"
"Nadine Dorries","Conservative","Mid Bedfordshire","0","0","0","0","0","1","1","0"
"Steve Double","Conservative","St Austell and Newquay","0","0","0","0","0","1","1","0"
"Stephen Doughty","Labour","Cardiff South and Penarth","1","1","1",NA,"1","0","0","0"
"Peter Dowd","Labour","Bootle","1","1","1","1",NA,"0","0",NA
"Oliver Dowden","Conservative","Hertsmere","0","0","0","0","0","0","0","0"
"Jackie Doyle-Price","Conservative","Thurrock","0","0","0","0","0","1","0","0"
"Richard Drax","Conservative","South Dorset","0","0","0","0","0","1","1","0"
"David Drew","Labour","Stroud","1","1","1","1","1","0","0",NA
"Jack Dromey","Labour","Birmingham, Erdington","1","1","1","1",NA,"0","0","0"
"James Duddridge","Conservative","Rochford and Southend East","0","0","0","0","0","1","1","0"
"Rosie Duffield","Labour","Canterbury","1","1","1",NA,"1","0","0","0"
"David Duguid","Conservative","Banff and Buchan","0","0","0","0","0","0","0","1"
"Iain Duncan Smith","Conservative","Chingford and Woodford Green","0","0","0","0","0","1","1","0"
"Alan Duncan","Conservative","Rutland and Melton",NA,"0","0",NA,"1","0","0",NA
"Philip Dunne","Conservative","Ludlow","0","0","0","0","0","0","1","0"
"Maria Eagle","Labour","Garston and Halewood","1","1","1",NA,"1","0","0","0"
"Angela Eagle","Labour","Wallasey","1","1","1",NA,"1","0","0",NA
"Jonathan Edwards","Other","Carmarthen East and Dinefwr",NA,"1",NA,"1","1","0","0",NA
"Clive Efford","Labour","Eltham","1","1","1","1","1","0","0","0"
"Julie Elliott","Labour","Sunderland Central","1","1","1",NA,NA,"0","0",NA
"Michael Ellis","Conservative","Northampton North","0","0","0","0","0","1","0","0"
"Louise Ellman","Labour","Liverpool, Riverside","1","1","1","0","1","0","0","0"
"Chris Elmore","Labour","Ogmore","1","1","1",NA,"1","0","0","0"
"Charlie Elphicke","Conservative","Dover","0","0","0","0","0","1","1","0"
"Bill Esterson","Labour","Sefton Central","1","1","1","1","1","0","0","0"
"George Eustice","Conservative","Camborne and Redruth","0","0","0","1","0","1","1","1"
"Chris Evans","Labour","Islwyn","1",NA,"1","1",NA,"0","0",NA
"Nigel Evans","Conservative","Ribble Valley","0","0","0","0","0","1","1","0"
"David Evennett","Conservative","Bexleyheath and Crayford","0","0","0","0","0",NA,"0","0"
"Michael Fabricant","Conservative","Lichfield","0","0","0","0","0","1","1","0"
"Michael Fallon","Conservative","Sevenoaks","0","0","0",NA,"0","0","1","1"
"Paul Farrelly","Labour","Newcastle-under-Lyme","1","1","1","1","1","0","0","0"
"Tim Farron","Other","Westmorland and Lonsdale",NA,"1",NA,NA,"1","0","0",NA
"Marion Fellows","Scottish National Party","Motherwell and Wishaw",NA,"1",NA,NA,"1","0","0","0"
"Frank Field","Other","Birkenhead","0","0","0","0","0","0","0","0"
"Mark Field","Conservative","Cities of London and Westminster","1",NA,"0","0","1","0","1","0"
"Jim Fitzpatrick","Labour","Poplar and Limehouse","1","0","1","0",NA,"0","0","0"
"Colleen Fletcher","Labour","Coventry North East","1","1","1","1",NA,"0","0",NA
"Caroline Flint","Labour","Don Valley",NA,"0","1","0","0","0","0","0"
"Vicky Ford","Conservative","Chelmsford","1","0","0","1","0","0","0",NA
"Kevin Foster","Conservative","Torbay","0","0","0","0","0","1","0","1"
"Yvonne Fovargue","Labour","Makerfield","1","0","1",NA,NA,"0",NA,NA
"Vicky Foxcroft","Labour","Lewisham, Deptford","1","1","1","1","1","0","0",NA
"Mark Francois","Conservative","Rayleigh and Wickford","0","0","0","0","0","1","1","0"
"Lucy Frazer","Conservative","South East Cambridgeshire",NA,"0","0","0","0","0",NA,"0"
"George Freeman","Conservative","Mid Norfolk","1",NA,"0","1","0",NA,"0","1"
"Mike Freer","Conservative","Finchley and Golders Green","0","0","0","0","1","0","0","0"
"James Frith","Labour","Bury North","1","1","1","1","1","0","0",NA
"Gill Furniss","Labour","Sheffield, Brightside and Hillsborough","1","1","1","1",NA,"0","0",NA
"Marcus Fysh","Conservative","Yeovil","0","0","0","0","0","1","1","0"
"Hugh Gaffney","Labour","Coatbridge, Chryston and Bellshill","1","1","1","1","1","0","0",NA
"Roger Gale","Conservative","North Thanet","0","0","0","0","0","0","0","0"
"Mike Gapes","Other","Ilford South","0","1","0","0","1","0","0","0"
"Barry Gardiner","Labour","Brent North","1","1","1",NA,NA,"0","0",NA
"Mark Garnier","Conservative","Wyre Forest","0",NA,"0","0","0",NA,"1","1"
"Ruth George","Labour","High Peak","1","1","1",NA,"1","0","0","0"
"Stephen Gethins","Scottish National Party","North East Fife",NA,"1",NA,NA,"1","0","0","0"
"Nusrat Ghani","Conservative","Wealden","0","0","0","0","0","1","0","0"
"Nick Gibb","Conservative","Bognor Regis and Littlehampton","0","0","0",NA,"0",NA,"0",NA
"Patricia Gibson","Scottish National Party","North Ayrshire and Arran",NA,"1",NA,NA,"1","0","0","0"
"Preet Kaur Gill","Labour","Birmingham, Edgbaston","1","1","1",NA,"1","0","0",NA
"Cheryl Gillan","Conservative","Chesham and Amersham","0","0","0","0","0","0","0","0"
"Paul Girvan","Other","South Antrim","0","0","0",NA,"0",NA,"1",NA
"John Glen","Conservative","Salisbury","0","0","0","0","0","0","0","0"
"Mary Glindon","Labour","North Tyneside","1",NA,"1","1",NA,"0","0",NA
"Roger Godsiff","Labour","Birmingham, Hall Green","1","1","1","1","1","0","0","0"
"Zac Goldsmith","Conservative","Richmond Park","0","0","0","0","0","1","1","0"
"Helen Goodman","Labour","Bishop Auckland","1","1","1","1",NA,"0","0","0"
"Robert Goodwill","Conservative","Scarborough and Whitby","0","0","0","0","0","1","0","0"
"Patrick Grady","Scottish National Party","Glasgow North",NA,"1",NA,NA,"1","0",NA,"0"
"Luke Graham","Conservative","Ochil and South Perthshire","0","0","0","0","0","0",NA,"1"
"Richard Graham","Conservative","Gloucester",NA,"0","0",NA,"0","0","0",NA
"Bill Grant","Conservative","Ayr, Carrick and Cumnock","0","0","0","0","0","0","0","1"
"Helen Grant","Conservative","Maidstone and The Weald","0","0","0","0","0","0","0","0"
"Peter Grant","Scottish National Party","Glenrothes",NA,"1",NA,NA,"1","0","0","0"
"James Gray","Conservative","North Wiltshire","0","0","0","0","0","1","1","0"
"Neil Gray","Scottish National Party","Airdrie and Shotts",NA,"1",NA,NA,"1","0","0","0"
"Chris Green","Conservative","Bolton West","0","0","0","0","0","1","1","0"
"Damian Green","Conservative","Ashford","1","0","0","0","0","0",NA,"1"
"Kate Green","Labour","Stretford and Urmston","1","1","1",NA,"1","0","0","0"
"Justine Greening","Conservative","Putney",NA,"1",NA,NA,"1","0",NA,NA
"Lilian Greenwood","Labour","Nottingham South","1","1","1",NA,"1","0","0","0"
"Margaret Greenwood","Labour","Wirral West","1","1","1",NA,NA,"0","0",NA
"Dominic Grieve","Conservative","Beaconsfield",NA,"1","0",NA,"1","0","0","0"
"Nia Griffith","Labour","Llanelli","1","1","1","1",NA,"0","0",NA
"Andrew Griffiths","Conservative","Burton","0","0","0","0","0","1","0","0"
"John Grogan","Labour","Keighley","1","1","1","1","1","0","0",NA
"Andrew Gwynne","Labour","Denton and Reddish","1",NA,"1","1",NA,"0","0",NA
"Sam Gyimah","Conservative","East Surrey",NA,"1","0",NA,NA,"0","0",NA
"Louise Haigh","Labour","Sheffield, Heeley","1","1","1","1","1","0","0","0"
"Kirstene Hair","Conservative","Angus","0","0","0","0","0",NA,NA,"0"
"Robert Halfon","Conservative","Harlow","0","0","0","1","0","0",NA,"1"
"Luke Hall","Conservative","Thornbury and Yate","0","0","0","0","0","0","0","0"
"Fabian Hamilton","Labour","Leeds North East","1","1","1",NA,"1","0","0","0"
"Stephen Hammond","Conservative","Wimbledon","1",NA,"0","1","1","0","0","1"
"Greg Hands","Conservative","Chelsea and Fulham","0","0","0","0","0","0",NA,"0"
"David Hanson","Labour","Delyn","1","1","1","1",NA,"0","0","0"
"Emma Hardy","Labour","Kingston upon Hull West and Hessle","1","1","1","1",NA,"0","0",NA
"Harriet Harman","Labour","Camberwell and Peckham","1","1","1","1","1","0","0","0"
"Mark Harper","Conservative","Forest of Dean","0","0","0","0","0","1","1","0"
"Richard Harrington","Conservative","Watford","1",NA,"0","1","1","0","0",NA
"Carolyn Harris","Labour","Swansea East","1",NA,"1","1",NA,"0","0",NA
"Rebecca Harris","Conservative","Castle Point","0","0","0","0","0","1","1","0"
"Trudy Harrison","Conservative","Copeland","0","0","0","0","0","1","0","1"
"Simon Hart","Conservative","Carmarthen West and South Pembrokeshire","0","0","0","1","0",NA,NA,"1"
"Helen Hayes","Labour","Dulwich and West Norwood","1","1","1",NA,"1","0","0","0"
"John Hayes","Conservative","South Holland and The Deepings","0","0","0","0","0","1","1","0"
"Sue Hayman","Labour","Workington","1","1","1","1",NA,"0","0",NA
"Oliver Heald","Conservative","North East Hertfordshire","1","0","0",NA,"0","0","0",NA
"John Healey","Labour","Wentworth and Dearne","1","1","1",NA,NA,"0",NA,NA
"James Heappey","Conservative","Wells","0","0","0","0","0",NA,NA,"0"
"Chris Heaton-Harris","Conservative","Daventry","0","0","0","0","0","1","0","0"
"Peter Heaton-Jones","Conservative","North Devon","0","0","0","0","0",NA,"0","0"
"Gordon Henderson","Conservative","Sittingbourne and Sheppey","0","0","0","0","0","1","1","1"
"Mark Hendrick","Labour","Preston","1","1","1","1","1","0","0","1"
"Drew Hendry","Scottish National Party","Inverness, Nairn, Badenoch and Strathspey",NA,"1",NA,NA,"1","0","0","0"
"Stephen Hepburn","Labour","Jarrow","0","0","0","0","0","0","0","0"
"Nick Herbert","Conservative","Arundel and South Downs","1","0","0","1","0","0","0","1"
"Lady Hermon","Other","North Down","0","1","0","0","1","0","0","0"
"Mike Hill","Labour","Hartlepool","1","0","1",NA,NA,"0","0",NA
"Meg Hillier","Labour","Hackney South and Shoreditch","1","1","1",NA,"1","0","0","0"
"Simon Hoare","Conservative","North Dorset","1","0","0","1","0","0","0","1"
"Wera Hobhouse","Other","Bath","0","1","0","0","1","0","0","0"
"Margaret Hodge","Labour","Barking","1","1","1",NA,"1","0","0","0"
"Sharon Hodgson","Labour","Washington and Sunderland West","1","1","1","1",NA,"0","0","0"
"Kate Hoey","Labour","Vauxhall","0","0",NA,"0","0","1","1",NA
"Kate Hollern","Labour","Blackburn","1","1","1","1",NA,NA,NA,NA
"George Hollingbery","Conservative","Meon Valley","0","0","0","0","0","0","1","0"
"Kevin Hollinrake","Conservative","Thirsk and Malton","0","0","0","1","0","0","0","1"
"Philip Hollobone","Conservative","Kettering","0","0","0","0","0","1","1","0"
"Adam Holloway","Conservative","Gravesham","0","0","0","0","0","1","1","0"
"Stewart Hosie","Scottish National Party","Dundee East",NA,"1",NA,NA,"1","0","0","0"
"George Howarth","Labour","Knowsley","1","1","1","1","1","0","0","0"
"John Howell","Conservative","Henley","0",NA,"0","0","0","0","0","0"
"Nigel Huddleston","Conservative","Mid Worcestershire",NA,"0","0",NA,"0",NA,NA,NA
"Eddie Hughes","Conservative","Walsall North","0","0","0","0","0","1","1","0"
"Rupa Huq","Labour","Ealing Central and Acton","1","1","1",NA,"1","0","0","0"
"Nick Hurd","Conservative","Ruislip, Northwood and Pinner",NA,NA,"0",NA,"0","0","0",NA
"Imran Hussain","Labour","Bradford East","1","1","1","1",NA,"0","0",NA
"Alister Jack","Conservative","Dumfries and Galloway","0","0","0","0","0","0","1","0"
"Margot James","Conservative","Stourbridge","1",NA,"0","1",NA,"0","0",NA
"Christine Jardine","Other","Edinburgh West",NA,"1",NA,NA,"1","0","0",NA
"Dan Jarvis","Labour","Barnsley Central","1","0","1","1",NA,"0","0",NA
"Ranil Jayawardena","Conservative","North East Hampshire","0","0","0","0","0","1","1","0"
"Bernard Jenkin","Conservative","Harwich and North Essex","0","0","0","0","0","1","1","0"
"Andrea Jenkyns","Conservative","Morley and Outwood","0","0","0","0","0","1","1","0"
"Robert Jenrick","Conservative","Newark","0","0","0","0","0","1","0","0"
"Boris Johnson","Conservative","Uxbridge and South Ruislip","0","0","0","0","0","1","1","0"
"Diana Johnson","Labour","Kingston upon Hull North","1","1","1","1",NA,"0","0","0"
"Caroline Johnson","Conservative","Sleaford and North Hykeham","0","0","0","0","0","1","1","0"
"Gareth Johnson","Conservative","Dartford","0","0","0","0","0","1","1","0"
"Joseph Johnson","Conservative","Orpington","0","1","0","0","0","0","0","0"
"Andrew Jones","Conservative","Harrogate and Knaresborough","0","0","0","0","0","0","0","0"
"Darren Jones","Labour","Bristol North West","1","1","1",NA,"1","0","0","0"
"Gerald Jones","Labour","Merthyr Tydfil and Rhymney","1","1","1","1",NA,"0","0",NA
"Graham P Jones","Labour","Hyndburn","1","1","1",NA,NA,"0","0","0"
"Helen Jones","Labour","Warrington North","1","0","1","1","0","0","0","0"
"David Jones","Conservative","Clwyd West","0","0","0","0","0","1","1","0"
"Kevan Jones","Labour","North Durham","1","0","1","0",NA,"0","0","0"
"Marcus Jones","Conservative","Nuneaton","0","0","0","0","0","1","0","0"
"Sarah Jones","Labour","Croydon Central","1","1","1","1","1","0","0",NA
"Susan Elan Jones","Labour","Clwyd South","1","1","1",NA,"1","0","0","0"
"Mike Kane","Labour","Wythenshawe and Sale East","1",NA,"1","1",NA,"0","0",NA
"Daniel Kawczynski","Conservative","Shrewsbury and Atcham","0","0","0","0","0","1","0","0"
"Gillian Keegan","Conservative","Chichester","0","0","0","0","0","0","0",NA
"Barbara Keeley","Labour","Worsley and Eccles South","1","1","1",NA,NA,"0","0",NA
"Liz Kendall","Labour","Leicester West","1","1","1",NA,"1","0","0","0"
"Seema Kennedy","Conservative","South Ribble","0","0","0","0","0","0","0","0"
"Stephen Kerr","Conservative","Stirling","0","0","0","0","0","0","0","1"
"Afzal Khan","Labour","Manchester, Gorton","1","1","1","1",NA,"0","0",NA
"Ged Killen","Labour","Rutherglen and Hamilton West","1","1","1",NA,"1","0","0","0"
"Stephen Kinnock","Labour","Aberavon","1",NA,"1","1",NA,"0","0","1"
"Julian Knight","Conservative","Solihull","0","0","0","0","0",NA,"1","1"
"Greg Knight","Conservative","East Yorkshire","0","0","0","0","0","1","0","0"
"Kwasi Kwarteng","Conservative","Spelthorne","0","0","0","0","0","1","0","0"
"Peter Kyle","Labour","Hove","1","1","1","1","1","0","0","0"
"Lesley Laird","Labour","Kirkcaldy and Cowdenbeath","1","1","1","1","1","0","0",NA
"Ben Lake","Other","Ceredigion",NA,"1",NA,"1","1","0","0",NA
"Norman Lamb","Other","North Norfolk","1","1",NA,"1",NA,"0","0",NA
"David Lammy","Labour","Tottenham",NA,"1","1",NA,"1","0","0","0"
"John Lamont","Conservative","Berwickshire, Roxburgh and Selkirk","0","0","0","0","0",NA,NA,"0"
"Mark Lancaster","Conservative","Milton Keynes North","0","0","0","0","0","1","1","0"
"Pauline Latham","Conservative","Mid Derbyshire","0","0","0","0","0",NA,"1","0"
"Ian Lavery","Labour","Wansbeck","1",NA,"1","1",NA,"0","1",NA
"Chris Law","Scottish National Party","Dundee West",NA,"1",NA,NA,"1","0","0","0"
"Phillip Lee","Conservative","Bracknell","0","1","0","0","1","0","0","0"
"Karen Lee","Labour","Lincoln","1","1","1","0",NA,"0","0",NA
"Jeremy Lefroy","Conservative","Stafford","1",NA,NA,"1",NA,"0",NA,"1"
"Edward Leigh","Conservative","Gainsborough","0","0","0","0","0","1","1","0"
"Chris Leslie","Other","Nottingham East","0","1","0","0","1","0","0","0"
"Oliver Letwin","Conservative","West Dorset","1","0","0","1","0","0","0","1"
"Emma Lewell-Buck","Labour","South Shields","1","0","1",NA,NA,"0","0",NA
"Andrew Lewer","Conservative","Northampton South","0","0","0","0","0","1","1","0"
"Clive Lewis","Labour","Norwich South","1","1","1","0","1","0","0","0"
"Julian Lewis","Conservative","New Forest East","0","0","0","0","0","1","1","0"
"Ivan Lewis","Other","Bury South","1","0","1","1",NA,"0","0","0"
"Ian Liddell-Grainger","Conservative","Bridgwater and West Somerset","0","0","0","0","0","1","0","0"
"David Linden","Scottish National Party","Glasgow East",NA,"1",NA,NA,"1","0","0","0"
"Emma Little Pengelly","Other","Belfast South","0","0","0",NA,"0",NA,"1",NA
"Stephen Lloyd","Other","Eastbourne","1",NA,"1","1","1","0","0","1"
"Tony Lloyd","Labour","Rochdale","1","1","1","1",NA,"0","0","0"
"Rebecca Long Bailey","Labour","Salford and Eccles","1","1","1","1",NA,"0","0",NA
"Julia Lopez","Conservative","Hornchurch and Upminster","0","0","0","0","0","1","1","0"
"Jack Lopresti","Conservative","Filton and Bradley Stoke","0","0","0","0","0","1","0","0"
"Jonathan Lord","Conservative","Woking","0","0","0","0","0","1","1","0"
"Tim Loughton","Conservative","East Worthing and Shoreham","0","0","0","0","0","1","1","0"
"Caroline Lucas","Other","Brighton, Pavilion","0","1","0","0","1","0","0","0"
"Ian C. Lucas","Labour","Wrexham","1","1","1","1","0","0","0","0"
"Holly Lynch","Labour","Halifax","1","1","1","1",NA,"0","0",NA
"Craig Mackinlay","Conservative","South Thanet","0","0","0","0","0","1","1","0"
"Rachel Maclean","Conservative","Redditch","0","0","0","0","0","1","1","0"
"Angus Brendan MacNeil","Scottish National Party","Na h-Eileanan an Iar",NA,NA,NA,NA,"1","0","0","0"
"Justin Madders","Labour","Ellesmere Port and Neston","1","0","1","1",NA,"0","0","0"
"Khalid Mahmood","Labour","Birmingham, Perry Barr","1","1","1","1",NA,"0","0",NA
"Shabana Mahmood","Labour","Birmingham, Ladywood","1","1","1","1","1","0","0","0"
"Anne Main","Conservative","St Albans","0","0","0","0","0","1","1","0"
"Alan Mak","Conservative","Havant","0","0","0","0","0","1","1","0"
"Seema Malhotra","Labour","Feltham and Heston","1","1","1","1",NA,"0","0","0"
"Kit Malthouse","Conservative","North West Hampshire","0","0","0","0","0","1","1","0"
"John Mann","Labour","Bassetlaw","0","0","1","0","0","0","0","0"
"Scott Mann","Conservative","North Cornwall","0","0","0","0","0","1","1","1"
"Gordon Marsden","Labour","Blackpool South","1","1","1","1","0","0","0","0"
"Sandy Martin","Labour","Ipswich","1","1","1","1","1","0","0","0"
"Rachael Maskell","Labour","York Central","1","1","1","0","1","0","0","0"
"Paul Masterton","Conservative","East Renfrewshire","1","0","0","1",NA,"0","0","1"
"Christian Matheson","Labour","City of Chester","1","1","1","0","1","0","0","0"
"Paul Maynard","Conservative","Blackpool North and Cleveleys","0","0","0","0","0","1","1","0"
"Steve McCabe","Labour","Birmingham, Selly Oak","1","1","1","1",NA,"0","0",NA
"Kerry McCarthy","Labour","Bristol East","1","1","1","0","1","0","0","0"
"Siobhain McDonagh","Labour","Mitcham and Morden","0","1","0","0","1","0","0","0"
"Andy McDonald","Labour","Middlesbrough","1","1","1","1",NA,"0",NA,NA
"Stewart Malcolm McDonald","Scottish National Party","Glasgow South",NA,"1",NA,NA,"1","0","0","0"
"Stuart C. McDonald","Scottish National Party","Cumbernauld, Kilsyth and Kirkintilloch East",NA,"1",NA,NA,"1","0","0","0"
"John McDonnell","Labour","Hayes and Harlington","1","1","1","1",NA,"0","0",NA
"Pat McFadden","Labour","Wolverhampton South East","1","1","1",NA,NA,"0","0","0"
"Conor McGinn","Labour","St Helens North","1","1","1","1",NA,"0","0",NA
"Alison McGovern","Labour","Wirral South","1","1","1",NA,NA,"0","0","0"
"Liz McInnes","Labour","Heywood and Middleton","1",NA,"1","1",NA,"0","0",NA
"Catherine McKinnell","Labour","Newcastle upon Tyne North","1","1","1",NA,"1","0","0","0"
"Patrick McLoughlin","Conservative","Derbyshire Dales","0","0","0","0","0","0","0","0"
"Jim McMahon","Labour","Oldham West and Royton","1",NA,"1","1",NA,"0","0",NA
"Anna McMorrin","Labour","Cardiff North","0","1","1","0","1","0","0","0"
"Stephen McPartland","Conservative","Stevenage","0","0","0","0","0","1","1","0"
"Esther McVey","Conservative","Tatton","0","0","0","0","0","1","1","0"
"Ian Mearns","Labour","Gateshead","1",NA,"1","1",NA,"0","0",NA
"Mark Menzies","Conservative","Fylde","0","0","0","0","0","1","0","0"
"Johnny Mercer","Conservative","Plymouth, Moor View","0","0","0","0","0","1","0","0"
"Huw Merriman","Conservative","Bexhill and Battle","0","1","0","0","0","1","0","0"
"Stephen Metcalfe","Conservative","South Basildon and East Thurrock","0","0","0","0","0","1","1","0"
"Edward Miliband","Labour","Doncaster North","1","1","1","1",NA,"0","0",NA
"Maria Miller","Conservative","Basingstoke","0","0","0","0","0","1","1","0"
"Amanda Milling","Conservative","Cannock Chase","0","0","0","0","0","1",NA,"0"
"Nigel Mills","Conservative","Amber Valley","0","0","0","0","0","1","1","0"
"Anne Milton","Conservative","Guildford","1",NA,"0",NA,NA,"0","0",NA
"Andrew Mitchell","Conservative","Sutton Coldfield","1","0","0",NA,"0","1","1",NA
"Carol Monaghan","Scottish National Party","Glasgow North West",NA,"1",NA,NA,"1","0","0","0"
"Madeleine Moon","Labour","Bridgend","1","1","1","0","1","0","0","0"
"Damien Moore","Conservative","Southport","0","0","0","0","0","0","0","0"
"Layla Moran","Other","Oxford West and Abingdon",NA,"1",NA,NA,"1","0","0",NA
"Jessica Morden","Labour","Newport East","1","1","1",NA,NA,"0","0",NA
"Nicky Morgan","Conservative","Loughborough","1","0","0","1","0","0","0","1"
"Stephen Morgan","Labour","Portsmouth South","1","1","1","0","1","0","0","0"
"Anne Marie Morris","Conservative","Newton Abbot","0","0","0","0","0","1","0","0"
"David Morris","Conservative","Morecambe and Lunesdale","0","0","0","0","0","0","0","0"
"Grahame Morris","Labour","Easington","0","0","1","0","0","0","0","0"
"James Morris","Conservative","Halesowen and Rowley Regis","0","0","0","0","0","1","0","0"
"Wendy Morton","Conservative","Aldridge-Brownhills","0","0","0","0","0","1","0","0"
"Ian Murray","Labour","Edinburgh South","1","1",NA,"1","1","0","0","0"
"Sheryll Murray","Conservative","South East Cornwall","0","0","0","0","0","1","1","0"
"Andrew Murrison","Conservative","South West Wiltshire","0","0","0","0","0","1",NA,NA
"Lisa Nandy","Labour","Wigan","1",NA,"1","1","1","0",NA,NA
"Robert Neill","Conservative","Bromley and Chislehurst","1","0","0","1","0","0","0","1"
"Gavin Newlands","Scottish National Party","Paisley and Renfrewshire North",NA,"1",NA,NA,"1","0","0","0"
"Sarah Newton","Conservative","Truro and Falmouth","1",NA,"0",NA,NA,"0","0","1"
"Jesse Norman","Conservative","Hereford and South Herefordshire","0","0","0","0","0","0","0","0"
"Alex Norris","Labour","Nottingham North","1","1","1","1",NA,"0","0",NA
"Neil O'Brien","Conservative","Harborough","0","0","0","0","0","1",NA,"0"
"Matthew Offord","Conservative","Hendon","0","0","0","0","0","1","1","0"
"Brendan O'Hara","Scottish National Party","Argyll and Bute",NA,"1",NA,NA,"1","0","0","0"
"Fiona Onasanya","Other","Peterborough","0","1",NA,"1",NA,"0","0","0"
"Melanie Onn","Labour","Great Grimsby","1","0","1","1",NA,"0",NA,NA
"Chi Onwurah","Labour","Newcastle upon Tyne Central","1","1","1","1","1","0","0","0"
"Guy Opperman","Conservative","Hexham","0","0","0","0","0","0","0","0"
"Kate Osamor","Labour","Edmonton","1","1","1","0","1","0","0","0"
"Albert Owen","Labour","Ynys M?n","1","1","1","1","1","0","0",NA
"Ian Paisley","Other","North Antrim","0","0","0",NA,"0",NA,"1",NA
"Neil Parish","Conservative","Tiverton and Honiton","0","0","0",NA,"0","1","1","1"
"Priti Patel","Conservative","Witham","0","0","0","0","0","1","1","0"
"Owen Paterson","Conservative","North Shropshire","0","0","0","0","0","1","1","0"
"Mark Pawsey","Conservative","Rugby","1","0","0","1","0","0","0","1"
"Stephanie Peacock","Labour","Barnsley East","1","0","1","1",NA,"0","0",NA
"Teresa Pearce","Labour","Erith and Thamesmead","1","1","1",NA,NA,"0","0",NA
"Mike Penning","Conservative","Hemel Hempstead","0","0","0","0","0","1","0","0"
"Matthew Pennycook","Labour","Greenwich and Woolwich","1","1","1","1","1","0","0","0"
"John Penrose","Conservative","Weston-super-Mare","0","0","0","1","0","1","1","1"
"Andrew Percy","Conservative","Brigg and Goole","0","0","0","1","0","1","1","1"
"Toby Perkins","Labour","Chesterfield","1","1","1","1","0","0","0","0"
"Jess Phillips","Labour","Birmingham, Yardley","1","1","1","1","1","0","0","0"
"Bridget Phillipson","Labour","Houghton and Sunderland South","1","1","1",NA,NA,"0","0","0"
"Chris Philp","Conservative","Croydon South","0","0","0","0","0",NA,"1","0"
"Laura Pidcock","Labour","North West Durham","1","1","1","1",NA,"0","0",NA
"Christopher Pincher","Conservative","Tamworth","0","0","0","0","0","1","1","0"
"Jo Platt","Labour","Leigh","1",NA,"1","1",NA,"0","0",NA
"Luke Pollard","Labour","Plymouth, Sutton and Devonport","1","1","1","1","1","0","0","0"
"Dan Poulter","Conservative","Central Suffolk and North Ipswich","0","0","0","0","0","1","0","1"
"Stephen Pound","Labour","Ealing North","1","1","1","1",NA,"0","0",NA
"Rebecca Pow","Conservative","Taunton Deane","0","0","0","1","0","0","0","1"
"Lucy Powell","Labour","Manchester Central","1","1","1","1",NA,"0","0",NA
"Victoria Prentis","Conservative","Banbury","1","0","0",NA,"0","0","0",NA
"Mark Prisk","Conservative","Hertford and Stortford","0","0","0","0","0","0","0","1"
"Mark Pritchard","Conservative","The Wrekin","0","0","0","0","0","1","0","0"
"Tom Pursglove","Conservative","Corby","0","0","0","0","0","1","1","0"
"Jeremy Quin","Conservative","Horsham","0","0","0","0","0","0","0","0"
"Will Quince","Conservative","Colchester","0","0","0","0","0","1","1","0"
"Yasmin Qureshi","Labour","Bolton South East","1","1","1","1",NA,"0","0",NA
"Dominic Raab","Conservative","Esher and Walton","0","0","0","0","0","1","1","0"
"Faisal Rashid","Labour","Warrington South","1","1","1","1","1","0","0",NA
"Angela Rayner","Labour","Ashton-under-Lyne","1","1","1","1",NA,"0","0",NA
"John Redwood","Conservative","Wokingham","0","0","0","0","0","1","0","0"
"Steve Reed","Labour","Croydon North","1","1","1","1","1","0","0",NA
"Christina Rees","Labour","Neath","1","1","1","1",NA,"0","0",NA
"Jacob Rees-Mogg","Conservative","North East Somerset","0","0","0","0","0","1","1","0"
"Ellie Reeves","Labour","Lewisham West and Penge","1","1","1",NA,"1","0","0","0"
"Rachel Reeves","Labour","Leeds West","1","1","1","1","1","0","0","0"
"Emma Reynolds","Labour","Wolverhampton North East","1","1","1","1",NA,"0","0","0"
"Jonathan Reynolds","Labour","Stalybridge and Hyde","1","1","1","1",NA,"0","0",NA
"Marie Rimmer","Labour","St Helens South and Whiston","1","1","1","1","1","0","0","0"
"Laurence Robertson","Conservative","Tewkesbury","0","0","0","0","0","1","1","0"
"Gavin Robinson","Other","Belfast East","0","0","0",NA,"0",NA,"1",NA
"Mary Robinson","Conservative","Cheadle","0","0","0","0","0","0","0","0"
"Geoffrey Robinson","Labour","Coventry North West","1","1","1","1","0","0","0",NA
"Matt Rodda","Labour","Reading East","1","1","1","1","1","0","0",NA
"Andrew Rosindell","Conservative","Romford","0","0","0","0","0","1","1","0"
"Douglas Ross","Conservative","Moray","0","0","0","0","0",NA,NA,"0"
"Danielle Rowley","Labour","Midlothian","1","1","1","1","1","0","0",NA
"Lee Rowley","Conservative","North East Derbyshire","0","0","0","0","0","1","1","0"
"Chris Ruane","Labour","Vale of Clwyd","1","1","1","1",NA,"0","0","0"
"Lloyd Russell-Moyle","Labour","Brighton, Kemptown","1","1","1","0","1","0","0","0"
"Joan Ryan","Other","Enfield North",NA,"1","0","0","1","0","0","0"
"Antoinette Sandbach","Conservative","Eddisbury","1","1","0","1",NA,"0","0","1"
"Liz Saville Roberts","Other","Dwyfor Meirionnydd",NA,"1",NA,"1","1","0","0",NA
"Paul Scully","Conservative","Sutton and Cheam","0","0","0","0","0","1","1","0"
"Bob Seely","Conservative","Isle of Wight","0","0","0","0","0","1","0","0"
"Andrew Selous","Conservative","South West Bedfordshire","0","0","0","0","0",NA,NA,"0"
"Naz Shah","Labour","Bradford West","1","1","1","1",NA,"0","0",NA
"Jim Shannon","Other","Strangford","0","0","0",NA,"0","0","1",NA
"Grant Shapps","Conservative","Welwyn Hatfield","0","0","0","0","0","1","1","0"
"Alok Sharma","Conservative","Reading West","0","0","0","0","0","0","0","0"
"Virendra Sharma","Labour","Ealing, Southall","1","1","1","1","1","0","0","0"
"Barry Sheerman","Labour","Huddersfield","1","1","1",NA,"1","0","0","0"
"Tommy Sheppard","Scottish National Party","Edinburgh East",NA,"1",NA,NA,"1","0","0","0"
"Paula Sherriff","Labour","Dewsbury","1",NA,"1","1",NA,"0","0",NA
"Gavin Shuker","Other","Luton South","0","1","0","0","1","0","0","0"
"Tulip Siddiq","Labour","Hampstead and Kilburn","1","1","1","0","1","0","0","0"
"David Simpson","Other","Upper Bann","0","0","0",NA,"0",NA,"1",NA
"Keith Simpson","Conservative","Broadland","0","0","0","0","0","0","0","0"
"Chris Skidmore","Conservative","Kingswood","0","0","0","0","0","0","0","0"
"Dennis Skinner","Labour","Bolsover","0","0","1","0","0","1","0","1"
"Andy Slaughter","Labour","Hammersmith","1","1","1",NA,"1","0","0","0"
"Ruth Smeeth","Labour","Stoke-on-Trent North","1","0","1","0","0","0","0","0"
"Angela Smith","Other","Penistone and Stocksbridge","0","1","0","0","1","0","0","0"
"Cat Smith","Labour","Lancaster and Fleetwood","1","1","1","1",NA,"0","0",NA
"Chloe Smith","Conservative","Norwich North","0","0","0","0","0",NA,NA,"0"
"Eleanor Smith","Labour","Wolverhampton South West","1","1","1","1",NA,"0","0",NA
"Henry Smith","Conservative","Crawley","0","0","0","0","0","1","1","0"
"Jeff Smith","Labour","Manchester, Withington","1","1","1","1","1","0","0","0"
"Laura Smith","Labour","Crewe and Nantwich","1","0","1","0",NA,"0","0","0"
"Nick Smith","Labour","Blaenau Gwent","1","1","1",NA,NA,"0","0",NA
"Owen Smith","Labour","Pontypridd",NA,"1",NA,"0","1","0","0","0"
"Royston Smith","Conservative","Southampton, Itchen","0","0","0","0","0","1","1","0"
"Karin Smyth","Labour","Bristol South","1","1","1","1","1","0","0","0"
"Gareth Snell","Labour","Stoke-on-Trent Central","1","0","1","0","0","0","0","0"
"Nicholas Soames","Conservative","Mid Sussex","1","0","0","1","0","0","0","0"
"Alex Sobel","Labour","Leeds North West","1","1","1","1","1","0","0","0"
"Anna Soubry","Other","Broxtowe","0","1","0","0","1","0","0","0"
"John Spellar","Labour","Warley","1","0","1","0","0","0","0","0"
"Caroline Spelman","Conservative","Meriden","1","0","0","1","0","0","0","1"
"Mark Spencer","Conservative","Sherwood","0","0","0","0","0","1",NA,"0"
"Keir Starmer","Labour","Holborn and St Pancras","1","1","1","1",NA,"0","0",NA
"Chris Stephens","Scottish National Party","Glasgow South West",NA,"1",NA,NA,"1","0","0","0"
"Andrew Stephenson","Conservative","Pendle","0","0","0","0","0","1","1","0"
"Jo Stevens","Labour","Cardiff Central",NA,"1",NA,"0","1","0","0","0"
"John Stevenson","Conservative","Carlisle","0","0","0","1","0",NA,"0","1"
"Bob Stewart","Conservative","Beckenham","0","0","0","0","0","1","1","0"
"Iain Stewart","Conservative","Milton Keynes South","0","0","0","0","0","1","1","0"
"Rory Stewart","Conservative","Penrith and The Border","1","0","0",NA,"0","0","0",NA
"Jamie Stone","Other","Caithness, Sutherland and Easter Ross",NA,"1",NA,NA,"1","0","0",NA
"Gary Streeter","Conservative","South West Devon","0","0","0","0","0","0","0","1"
"Wes Streeting","Labour","Ilford North","1","1","1",NA,"1","0","0","0"
"Mel Stride","Conservative","Central Devon","0","0","0","0","0","0","0","0"
"Graham Stringer","Labour","Blackley and Broughton","0","0",NA,"0","0",NA,"1","0"
"Graham Stuart","Conservative","Beverley and Holderness","0","0","0","0","0","1","1","0"
"Julian Sturdy","Conservative","York Outer","0","0","0","0","0",NA,"1","1"
"Rishi Sunak","Conservative","Richmond (Yorks)","0","0","0","0","0","1","1","0"
"Desmond Swayne","Conservative","New Forest West","0","0","0","0","0","1","1","0"
"Paul Sweeney","Labour","Glasgow North East","1","1","1","1","1","0","0",NA
"Jo Swinson","Other","East Dunbartonshire",NA,"1",NA,NA,"1","0","0",NA
"Hugo Swire","Conservative","East Devon","0","0","0","0","0","0",NA,"0"
"Robert Syms","Conservative","Poole","0","0","0","0","0","1","0","0"
"Mark Tami","Labour","Alyn and Deeside","1","1","1",NA,NA,"0","0",NA
"Alison Thewliss","Scottish National Party","Glasgow Central",NA,"1",NA,NA,"1","0","0","0"
"Derek Thomas","Conservative","St Ives","0","0","0","0","0","1","1","1"
"Gareth Thomas","Labour","Harrow West","1","1","1","1","1","0","0","0"
"Nick Thomas-Symonds","Labour","Torfaen","1","1","1",NA,NA,"0","0",NA
"Ross Thomson","Conservative","Aberdeen South","0","0","0","0","0","1","1","0"
"Emily Thornberry","Labour","Islington South and Finsbury","1","1","1","1",NA,"0","0",NA
"Maggie Throup","Conservative","Erewash","0","0","0","0","0","1","0","0"
"Stephen Timms","Labour","East Ham","1","1","1","1","1","0","0",NA
"Kelly Tolhurst","Conservative","Rochester and Strood","0","0","0","0","0","1","0","0"
"Justin Tomlinson","Conservative","North Swindon","0","0","0","0","0","1","1","0"
"Michael Tomlinson","Conservative","Mid Dorset and North Poole","0","0","0","0","0","1","1","0"
"Craig Tracey","Conservative","North Warwickshire","0","0","0","0","0","1","0","0"
"David Tredinnick","Conservative","Bosworth","0","0","0","1","0","0","0","1"
"Anne-Marie Trevelyan","Conservative","Berwick-upon-Tweed","0","0","0","0","0","1","1","0"
"Jon Trickett","Labour","Hemsworth","1",NA,"1","1",NA,"0","0",NA
"Tom Tugendhat","Conservative","Tonbridge and Malling",NA,"0",NA,NA,"0",NA,NA,NA
"Anna Turley","Labour","Redcar","1","1","1",NA,"1","0","0","0"
"Karl Turner","Labour","Kingston upon Hull East","1","1","1","1",NA,NA,NA,NA
"Derek Twigg","Labour","Halton","1","0","1","0","0","0","0","0"
"Stephen Twigg","Labour","Liverpool, West Derby","1","1","1","1","1","0","0",NA
"Liz Twist","Labour","Blaydon","1","1","1","1",NA,"0","0",NA
"Chuka Umunna","Other","Streatham","0","1","0","0","1","0","0","0"
"Edward Vaizey","Conservative","Wantage","1",NA,"0","1",NA,"0","0","1"
"Shailesh Vara","Conservative","North West Cambridgeshire","0","0","0","0","0","1","1","0"
"Keith Vaz","Labour","Leicester East","1","1","1","1","1","0","0",NA
"Valerie Vaz","Labour","Walsall South","1","1","1","1",NA,"0","0",NA
"Martin Vickers","Conservative","Cleethorpes","0","0","0","0","0","1","0","0"
"Theresa Villiers","Conservative","Chipping Barnet","0","0","0","0","0",NA,"1","0"
"Charles Walker","Conservative","Broxbourne","0","0","0","0","0","0","0","0"
"Robin Walker","Conservative","Worcester",NA,"0","0","0","0","0","0","0"
"Thelma Walker","Labour","Colne Valley","1","1","1","0","1","0","0","0"
"Ben Wallace","Conservative","Wyre and Preston North","0","0","0","0","0","1","0","1"
"David Warburton","Conservative","Somerton and Frome","0","0","0","0","0","1","1","1"
"Matt Warman","Conservative","Boston and Skegness","0","0","0","0","0","1","0","0"
"Giles Watling","Conservative","Clacton","0","0","0","0","0","1","1","0"
"Tom Watson","Labour","West Bromwich East","1","1","1","1",NA,"0","0",NA
"Catherine West","Labour","Hornsey and Wood Green","1","1","1",NA,"1","0","0","0"
"Matt Western","Labour","Warwick and Leamington","1","1","1","1","1","0","0","0"
"Helen Whately","Conservative","Faversham and Mid Kent","0","0","0","0","0","1","1","0"
"Heather Wheeler","Conservative","South Derbyshire","0","0","0","0","0","1","1","0"
"Alan Whitehead","Labour","Southampton, Test","1","1","1","1","1","0","0","0"
"Martin Whitfield","Labour","East Lothian","1","1","1",NA,"1","0","0",NA
"Philippa Whitford","Scottish National Party","Central Ayrshire",NA,"1",NA,NA,"1","0","0","0"
"Craig Whittaker","Conservative","Calder Valley","0","0","0","0","0","1","0","0"
"John Whittingdale","Conservative","Maldon","0","0","0","0","0","1","1","0"
"Bill Wiggin","Conservative","North Herefordshire","0","0","0","0","0","1","1","0"
"Paul Williams","Labour","Stockton South","0","1","1","0","1","0","0","0"
"Hywel Williams","Other","Arfon",NA,"1",NA,"1","1","0","0",NA
"Chris Williamson","Other","Derby North","1","0","1","0","0",NA,"0",NA
"Phil Wilson","Labour","Sedgefield","1","1","1","1",NA,"0","0",NA
"Sammy Wilson","Other","East Antrim","0","0","0",NA,"0",NA,"1",NA
"Pete Wishart","Scottish National Party","Perth and North Perthshire",NA,NA,NA,NA,"1","0","0","0"
"Sarah Wollaston","Other","Totnes","0","1","0","0","1","0","0","0"
"Mike Wood","Conservative","Dudley South","0","0","0","0","0","1",NA,"0"
"John Woodcock","Other","Barrow and Furness",NA,"1","0",NA,"1","0","0","0"
"William Wragg","Conservative","Hazel Grove","0","0","0","0","0","1","1","0"
"Mohammad Yasin","Labour","Bedford","1","1","1","1","1","0","0","0"
"Nadhim Zahawi","Conservative","Stratford-on-Avon","0","0","0",NA,"0",NA,NA,NA
"Daniel Zeichner","Labour","Cambridge",NA,"1",NA,"0","1","0","0","0"
