Member,Party,Constituency,Vote 1,Vote 2,Vote 3,Vote 4,Vote 5,Vote 6,Vote 7,Vote 8
Diane Abbott,Labour,Hackney North and Stoke Newington,Aye,Aye,Aye,Aye,No Vote Recorded,No,No,No Vote Recorded
Debbie Abrahams,Labour,Oldham East and Saddleworth,Aye,Aye,Aye,No Vote Recorded,No Vote Recorded,No,No,No
Nigel Adams,Conservative,Selby and Ainsty,No,No,No,No,No,No Vote Recorded,Aye,No
Bim Afolami,Conservative,Hitchin and Harpenden,No Vote Recorded,No,No,Aye,No,No,No Vote Recorded,Aye
Adam Afriyie,Conservative,Windsor,No,No,No,No,No,Aye,Aye,No
Peter Aldous,Conservative,Waveney,No,No,No,No,No,No,No,Aye
Rushanara Ali,Labour,Bethnal Green and Bow,Aye,Aye,Aye,Aye,Aye,No,No,No
Lucy Allan,Conservative,Telford,No Vote Recorded,No Vote Recorded,No Vote Recorded,No Vote Recorded,No Vote Recorded,No Vote Recorded,No Vote Recorded,No Vote Recorded
Heidi Allen,Independent,South Cambridgeshire,No,Aye,No,No,Aye,No,No Vote Recorded,No
Rosena Allin-Khan,Labour,Tooting,Aye,Aye,Aye,No,Aye,No,No,No
Mike Amesbury,Labour,Weaver Vale,Aye,Aye,Aye,Aye,No Vote Recorded,No,No,No Vote Recorded
David Amess,Conservative,Southend West,No,No,No,No,No,Aye,Aye,No
Stuart Andrew,Conservative,Pudsey,No,No,No,No,No,Aye,Aye,No
Tonia Antoniazzi,Labour,Gower,Aye,Aye,Aye,No,Aye,No,No,No
Edward Argar,Conservative,Charnwood,No,No,No,No,No,No Vote Recorded,No,No
Jonathan Ashworth,Labour,Leicester South,Aye,Aye,Aye,Aye,No Vote Recorded,No,No,No Vote Recorded
Victoria Atkins,Conservative,Louth and Horncastle,No,No,No,No,No,No,No,No
Ian Austin,Independent,Dudley North,Aye,No,Aye,Aye,No Vote Recorded,No,No,No Vote Recorded
Richard Bacon,Conservative,South Norfolk,No,No,No,No,No,Aye,Aye,No
Kemi Badenoch,Conservative,Saffron Walden,No,No,No,No,No,No Vote Recorded,Aye,No
Adrian Bailey,Labour,West Bromwich West,Aye,Aye,Aye,Aye,No Vote Recorded,No,No,No Vote Recorded
Steve Baker,Conservative,Wycombe,No,No,No,No,No,Aye,Aye,No
Harriett Baldwin,Conservative,West Worcestershire,No,No,No,No,No,No Vote Recorded,No Vote Recorded,No Vote Recorded
Stephen Barclay,Conservative,North East Cambridgeshire,No Vote Recorded,No Vote Recorded,No Vote Recorded,No Vote Recorded,No Vote Recorded,No Vote Recorded,No Vote Recorded,No Vote Recorded
Hannah Bardell,Scottish National Party,Livingston,No Vote Recorded,Aye,No Vote Recorded,No Vote Recorded,Aye,No,No,No
John Baron,Conservative,Basildon and Billericay,No,No,No,No,No,Aye,No Vote Recorded,No
Kevin Barron,Labour,Rother Valley,Aye,No,No Vote Recorded,No,No,No,No,No
Guto Bebb,Conservative,Aberconwy,Aye,Aye,No,No,Aye,No,No,Aye
Margaret Beckett,Labour,Derby South,Aye,Aye,Aye,No Vote Recorded,No Vote Recorded,No,No,No Vote Recorded
?rfhlaith Begley,Sinn F?in,West Tyrone,No Vote Recorded,No Vote Recorded,No Vote Recorded,No Vote Recorded,No Vote Recorded,No Vote Recorded,No Vote Recorded,No Vote Recorded
Henry Bellingham,Conservative,North West Norfolk,No,No,No,No,No,Aye,Aye,No
Hilary Benn,Labour,Leeds Central,Aye,Aye,Aye,Aye,No Vote Recorded,No,No,No Vote Recorded
Richard Benyon,Conservative,Newbury,Aye,No,No,Aye,No,No,No,No
John Bercow,Speaker,Buckingham,No Vote Recorded,No Vote Recorded,No Vote Recorded,No Vote Recorded,No Vote Recorded,No Vote Recorded,No Vote Recorded,No Vote Recorded
Paul Beresford,Conservative,Mole Valley,No,No,No,No,No,No,No,No
Luciana Berger,Independent,"Liverpool, Wavertree",No,Aye,No,No,Aye,No,No,No
Jake Berry,Conservative,Rossendale and Darwen,No,No,No,No,No,Aye,No,No
Clive Betts,Labour,Sheffield South East,Aye,Aye,Aye,Aye,Aye,No,No,No
Mhairi Black,Scottish National Party,Paisley and Renfrewshire South,No Vote Recorded,Aye,No Vote Recorded,No Vote Recorded,Aye,No,No,No
Ian Blackford,Scottish National Party,"Ross, Skye and Lochaber",No Vote Recorded,Aye,No Vote Recorded,No Vote Recorded,Aye,No,No,No
Bob Blackman,Conservative,Harrow East,No,No,No,No,No,Aye,Aye,Aye
Kirsty Blackman,Scottish National Party,Aberdeen North,No Vote Recorded,Aye,No Vote Recorded,No Vote Recorded,Aye,No,No,No
Roberta Blackman-Woods,Labour,City of Durham,Aye,Aye,Aye,Aye,Aye,No,No,No Vote Recorded
Paul Blomfield,Labour,Sheffield Central,Aye,Aye,Aye,Aye,Aye,No,No,No
Crispin Blunt,Conservative,Reigate,No,No,No,No,No,Aye,Aye,No
Nick Boles,Conservative,Grantham and Stamford,Aye,No Vote Recorded,No,Aye,No,No,No,Aye
Peter Bone,Conservative,Wellingborough,No,No,No,No,No,Aye,Aye,No
Peter Bottomley,Conservative,Worthing West,No,No,No,No,No,No,No Vote Recorded,No
Andrew Bowie,Conservative,West Aberdeenshire and Kincardine,No,No,No,No,No,No,No,No
Tracy Brabin,Labour,Batley and Spen,Aye,No Vote Recorded,Aye,Aye,No Vote Recorded,No,No,No Vote Recorded
Ben Bradley,Conservative,Mansfield,No,No,No,No,No,Aye,Aye,No
Karen Bradley,Conservative,Staffordshire Moorlands,No Vote Recorded,No Vote Recorded,No Vote Recorded,No Vote Recorded,No Vote Recorded,No Vote Recorded,No Vote Recorded,No Vote Recorded
Ben Bradshaw,Labour,Exeter,Aye,Aye,Aye,No Vote Recorded,Aye,No,No,No
Mickey Brady,Sinn F?in,Newry and Armagh,No Vote Recorded,No Vote Recorded,No Vote Recorded,No Vote Recorded,No Vote Recorded,No Vote Recorded,No Vote Recorded,No Vote Recorded
Graham Brady,Conservative,Altrincham and Sale West,No,No,No,No,No,No,No,No
Tom Brake,Liberal Democrat,Carshalton and Wallington,No Vote Recorded,Aye,No Vote Recorded,No Vote Recorded,Aye,No,No,No Vote Recorded
Suella Braverman,Conservative,Fareham,No,No,No,No,No,Aye,Aye,No
Kevin Brennan,Labour,Cardiff West,Aye,Aye,Aye,Aye,Aye,No,No,No Vote Recorded
Jack Brereton,Conservative,Stoke-on-Trent South,No,No,No,No,No,Aye,Aye,No
Andrew Bridgen,Conservative,North West Leicestershire,No,No,No,No,No,Aye,Aye,No
Steve Brine,Conservative,Winchester,Aye,No Vote Recorded,No,Aye,No Vote Recorded,No,No,Aye
Deidre Brock,Scottish National Party,Edinburgh North and Leith,No Vote Recorded,Aye,No Vote Recorded,No Vote Recorded,Aye,No,No,No
James Brokenshire,Conservative,Old Bexley and Sidcup,No Vote Recorded,No Vote Recorded,No Vote Recorded,No Vote Recorded,No Vote Recorded,No Vote Recorded,No Vote Recorded,No Vote Recorded
Alan Brown,Scottish National Party,Kilmarnock and Loudoun,No Vote Recorded,Aye,No Vote Recorded,No Vote Recorded,Aye,No,No,No
Lyn Brown,Labour,West Ham,Aye,Aye,Aye,No Vote Recorded,Aye,No,No,No
Nicholas Brown,Labour,Newcastle upon Tyne East,Aye,Aye,Aye,Aye,No Vote Recorded,No,No,No Vote Recorded
Fiona Bruce,Conservative,Congleton,No,No,No,No,No,Aye,Aye,No
Chris Bryant,Labour,Rhondda,Aye,Aye,Aye,Aye,No Vote Recorded,No,No,No
Karen Buck,Labour,Westminster North,Aye,Aye,Aye,No Vote Recorded,Aye,No,No,No
Robert Buckland,Conservative,South Swindon,No,No,No,No,No,No,No,No
Richard Burden,Labour,"Birmingham, Northfield",Aye,Aye,Aye,Aye,No Vote Recorded,No,No,No
Alex Burghart,Conservative,Brentwood and Ongar,No,No,No,No,No,No Vote Recorded,No Vote Recorded,No
Richard Burgon,Labour,Leeds East,Aye,Aye,Aye,Aye,No Vote Recorded,No,No,No Vote Recorded
Conor Burns,Conservative,Bournemouth West,No,No,No,No,No,Aye,Aye,No
Alistair Burt,Conservative,North East Bedfordshire,Aye,No Vote Recorded,No,Aye,No Vote Recorded,No,No,Aye
Dawn Butler,Labour,Brent Central,Aye,Aye,Aye,No Vote Recorded,No Vote Recorded,No,No,No
Liam Byrne,Labour,"Birmingham, Hodge Hill",Aye,Aye,Aye,Aye,No Vote Recorded,No,No,No Vote Recorded
Vince Cable,Liberal Democrat,Twickenham,No Vote Recorded,Aye,No,No Vote Recorded,Aye,No,No,No
Ruth Cadbury,Labour,Brentford and Isleworth,Aye,Aye,Aye,No,Aye,No,No,No
Alun Cairns,Conservative,Vale of Glamorgan,No Vote Recorded,No Vote Recorded,No Vote Recorded,No Vote Recorded,No Vote Recorded,No Vote Recorded,No Vote Recorded,No Vote Recorded
Lisa Cameron,Scottish National Party,"East Kilbride, Strathaven and Lesmahagow",No Vote Recorded,Aye,No Vote Recorded,No Vote Recorded,Aye,No,No,No
Gregory Campbell,Democratic Unionist Party,East Londonderry,No,No,No,No Vote Recorded,No,No Vote Recorded,Aye,No Vote Recorded
Ronnie Campbell,Labour,Blyth Valley,No,No,No,No,No,Aye,No,Aye
Alan Campbell,Labour,Tynemouth,Aye,Aye,Aye,No Vote Recorded,No Vote Recorded,No,No,No Vote Recorded
Dan Carden,Labour,"Liverpool, Walton",Aye,Aye,Aye,Aye,No Vote Recorded,No,No,No Vote Recorded
Alistair Carmichael,Liberal Democrat,Orkney and Shetland,No Vote Recorded,Aye,No Vote Recorded,No Vote Recorded,Aye,No,No,No Vote Recorded
James Cartlidge,Conservative,South Suffolk,No,No,No,Aye,No,No,No,Aye
William Cash,Conservative,Stone,No,No,No,No,No,Aye,Aye,No
Maria Caulfield,Conservative,Lewes,No,No,No,No,No,Aye,Aye,Aye
Alex Chalk,Conservative,Cheltenham,Aye,No Vote Recorded,No,No,No Vote Recorded,No,No,No
Sarah Champion,Labour,Rotherham,Aye,No,Aye,No,No,No,No,No
Douglas Chapman,Scottish National Party,Dunfermline and West Fife,No Vote Recorded,Aye,No Vote Recorded,No Vote Recorded,Aye,No,No,No
Jenny Chapman,Labour,Darlington,Aye,Aye,Aye,Aye,No Vote Recorded,No,No,No Vote Recorded
Bambos Charalambous,Labour,"Enfield, Southgate",Aye,Aye,Aye,Aye,Aye,No,No,No Vote Recorded
Joanna Cherry,Scottish National Party,Edinburgh South West,No Vote Recorded,Aye,No Vote Recorded,No Vote Recorded,Aye,No,No,No
Rehman Chishti,Conservative,Gillingham and Rainham,No,No,No,No,No,Aye,No Vote Recorded,No
Christopher Chope,Conservative,Christchurch,No,No,No,No,No,Aye,Aye,No
Jo Churchill,Conservative,Bury St Edmunds,No,No,No,No,No,No,No,No
Colin Clark,Conservative,Gordon,No Vote Recorded,No,No,No,No,No,No Vote Recorded,No Vote Recorded
Greg Clark,Conservative,Tunbridge Wells,No Vote Recorded,No Vote Recorded,No Vote Recorded,No Vote Recorded,No Vote Recorded,No Vote Recorded,No Vote Recorded,No Vote Recorded
Kenneth Clarke,Conservative,Rushcliffe,Aye,No Vote Recorded,Aye,Aye,Aye,No,No,No
Simon Clarke,Conservative,Middlesbrough South and East Cleveland,No,No,No,No,No,Aye,Aye,No
James Cleverly,Conservative,Braintree,No,No,No,No,No,No Vote Recorded,No,No
Geoffrey Clifton-Brown,Conservative,The Cotswolds,No,No,No,No,No,Aye,Aye,No
Ann Clwyd,Labour,Cynon Valley,No,Aye,No,No,Aye,No,No,No
Vernon Coaker,Labour,Gedling,Aye,Aye,Aye,Aye,No Vote Recorded,No,No,No
Ann Coffey,Independent,Stockport,No,Aye,No,No,Aye,No,No,No
Th?r?se Coffey,Conservative,Suffolk Coastal,No,No,No,No,No,No Vote Recorded,No Vote Recorded,No
Damian Collins,Conservative,Folkestone and Hythe,No,No,No,Aye,No,No,No,Aye
Julie Cooper,Labour,Burnley,Aye,No Vote Recorded,Aye,Aye,No Vote Recorded,No,No,No Vote Recorded
Rosie Cooper,Labour,West Lancashire,Aye,No,Aye,No,No,No,No,No
Yvette Cooper,Labour,"Normanton, Pontefract and Castleford",Aye,Aye,Aye,Aye,No Vote Recorded,No,No,No Vote Recorded
Jeremy Corbyn,Labour,Islington North,Aye,Aye,Aye,Aye,No Vote Recorded,No,No,No Vote Recorded
Alberto Costa,Conservative,South Leicestershire,No,No,No,Aye,No,No,No,Aye
Robert Courts,Conservative,Witney,No,No,No,No,No,Aye,Aye,Aye
Ronnie Cowan,Scottish National Party,Inverclyde,No Vote Recorded,Aye,No Vote Recorded,No Vote Recorded,Aye,No,No,No
Geoffrey Cox,Conservative,Torridge and West Devon,No Vote Recorded,No Vote Recorded,No Vote Recorded,No Vote Recorded,No Vote Recorded,No Vote Recorded,No Vote Recorded,No Vote Recorded
Neil Coyle,Labour,Bermondsey and Old Southwark,Aye,Aye,Aye,No,Aye,No,No,No
Stephen Crabb,Conservative,Preseli Pembrokeshire,Aye,No,No,Aye,No,No,No,Aye
David Crausby,Labour,Bolton North East,Aye,Aye,Aye,Aye,Aye,No,No,No
Angela Crawley,Scottish National Party,Lanark and Hamilton East,No Vote Recorded,Aye,No Vote Recorded,No Vote Recorded,Aye,No,No,No
Mary Creagh,Labour,Wakefield,Aye,Aye,Aye,No Vote Recorded,Aye,No,No,No
Stella Creasy,Labour,Walthamstow,Aye,Aye,Aye,No Vote Recorded,Aye,No,No,No
Tracey Crouch,Conservative,Chatham and Aylesford,No,No,No,No,No,Aye,No Vote Recorded,No
Jon Cruddas,Labour,Dagenham and Rainham,Aye,No,Aye,Aye,No,No,No,No Vote Recorded
John Cryer,Labour,Leyton and Wanstead,Aye,Aye,Aye,Aye,No Vote Recorded,No,No,No Vote Recorded
Judith Cummins,Labour,Bradford South,Aye,No Vote Recorded,Aye,No Vote Recorded,No Vote Recorded,No,No,No Vote Recorded
Alex Cunningham,Labour,Stockton North,Aye,Aye,Aye,Aye,Aye,No,No,No
Jim Cunningham,Labour,Coventry South,No,Aye,Aye,Aye,No,No,No,No
Janet Daby,Labour,Lewisham East,Aye,Aye,Aye,No Vote Recorded,Aye,No,No,No
Nic Dakin,Labour,Scunthorpe,Aye,Aye,Aye,No Vote Recorded,No Vote Recorded,No,No,No Vote Recorded
Edward Davey,Liberal Democrat,Kingston and Surbiton,No Vote Recorded,Aye,No Vote Recorded,No Vote Recorded,Aye,No,No,No Vote Recorded
Wayne David,Labour,Caerphilly,Aye,Aye,Aye,Aye,No Vote Recorded,No,No,No Vote Recorded
Chris Davies,Conservative,Brecon and Radnorshire,No,No,No,No,No,Aye,Aye,Aye
David T. C. Davies,Conservative,Monmouth,No,No,No,No,No,Aye,Aye,No
Geraint Davies,Labour,Swansea West,Aye,Aye,Aye,No Vote Recorded,Aye,No,No,No
Glyn Davies,Conservative,Montgomeryshire,No,No,No,No,No,Aye,Aye,Aye
Mims Davies,Conservative,Eastleigh,No,No,No,No,No,Aye,No,No
Philip Davies,Conservative,Shipley,No,No,No,No,No,Aye,Aye,No
David Davis,Conservative,Haltemprice and Howden,No,No,No,No,No,Aye,No,No
Martyn Day,Scottish National Party,Linlithgow and East Falkirk,No Vote Recorded,Aye,No Vote Recorded,No Vote Recorded,Aye,No,No,No
Marsha De Cordova,Labour,Battersea,Aye,Aye,Aye,No Vote Recorded,Aye,No,No,No
Gloria De Piero,Labour,Ashfield,Aye,No Vote Recorded,Aye,Aye,No Vote Recorded,No,No,No Vote Recorded
Thangam Debbonaire,Labour,Bristol West,Aye,Aye,Aye,Aye,Aye,No,No,No Vote Recorded
Emma Dent Coad,Labour,Kensington,Aye,Aye,Aye,No,Aye,No,No,No
Tanmanjeet Singh Dhesi,Labour,Slough,Aye,Aye,Aye,Aye,No Vote Recorded,No,No,No Vote Recorded
Caroline Dinenage,Conservative,Gosport,No,No,No,No,No,Aye,Aye,No
Jonathan Djanogly,Conservative,Huntingdon,Aye,No Vote Recorded,No,Aye,No,No,No,Aye
Leo Docherty,Conservative,Aldershot,No Vote Recorded,No Vote Recorded,No Vote Recorded,No Vote Recorded,No Vote Recorded,No Vote Recorded,No Vote Recorded,No Vote Recorded
Martin Docherty-Hughes,Scottish National Party,West Dunbartonshire,No Vote Recorded,Aye,No Vote Recorded,No Vote Recorded,Aye,No,No,No
Anneliese Dodds,Labour,Oxford East,Aye,Aye,Aye,Aye,Aye,No,No,No Vote Recorded
Nigel Dodds,Democratic Unionist Party,Belfast North,No,No,No,No Vote Recorded,No,No Vote Recorded,Aye,No Vote Recorded
Jeffrey M. Donaldson,Democratic Unionist Party,Lagan Valley,No,No,No,No Vote Recorded,No,No Vote Recorded,Aye,No Vote Recorded
Michelle Donelan,Conservative,Chippenham,No,No,No,No,No,No Vote Recorded,Aye,No
Nadine Dorries,Conservative,Mid Bedfordshire,No,No,No,No,No,Aye,Aye,No
Steve Double,Conservative,St Austell and Newquay,No,No,No,No,No,Aye,Aye,No
Stephen Doughty,Labour,Cardiff South and Penarth,Aye,Aye,Aye,No Vote Recorded,Aye,No,No,No
Peter Dowd,Labour,Bootle,Aye,Aye,Aye,Aye,No Vote Recorded,No,No,No Vote Recorded
Oliver Dowden,Conservative,Hertsmere,No,No,No,No,No,No,No,No
Jackie Doyle-Price,Conservative,Thurrock,No,No,No,No,No,Aye,No,No
Richard Drax,Conservative,South Dorset,No,No,No,No,No,Aye,Aye,No
David Drew,Labour,Stroud,Aye,Aye,Aye,Aye,Aye,No,No,No Vote Recorded
Jack Dromey,Labour,"Birmingham, Erdington",Aye,Aye,Aye,Aye,No Vote Recorded,No,No,No
James Duddridge,Conservative,Rochford and Southend East,No,No,No,No,No,Aye,Aye,No
Rosie Duffield,Labour,Canterbury,Aye,Aye,Aye,No Vote Recorded,Aye,No,No,No
David Duguid,Conservative,Banff and Buchan,No,No,No,No,No,No,No,Aye
Iain Duncan Smith,Conservative,Chingford and Woodford Green,No,No,No,No,No,Aye,Aye,No
Alan Duncan,Conservative,Rutland and Melton,No Vote Recorded,No,No,No Vote Recorded,Aye,No,No,No Vote Recorded
Philip Dunne,Conservative,Ludlow,No,No,No,No,No,No,Aye,No
Maria Eagle,Labour,Garston and Halewood,Aye,Aye,Aye,No Vote Recorded,Aye,No,No,No
Angela Eagle,Labour,Wallasey,Aye,Aye,Aye,No Vote Recorded,Aye,No,No,No Vote Recorded
Jonathan Edwards,Plaid Cymru,Carmarthen East and Dinefwr,No Vote Recorded,Aye,No Vote Recorded,Aye,Aye,No,No,No Vote Recorded
Clive Efford,Labour,Eltham,Aye,Aye,Aye,Aye,Aye,No,No,No
Julie Elliott,Labour,Sunderland Central,Aye,Aye,Aye,No Vote Recorded,No Vote Recorded,No,No,No Vote Recorded
Michael Ellis,Conservative,Northampton North,No,No,No,No,No,Aye,No,No
Louise Ellman,Labour,"Liverpool, Riverside",Aye,Aye,Aye,No,Aye,No,No,No
Tobias Ellwood,Conservative,Bournemouth East,No Vote Recorded,No Vote Recorded,No Vote Recorded,No Vote Recorded,No Vote Recorded,No Vote Recorded,No Vote Recorded,No Vote Recorded
Chris Elmore,Labour,Ogmore,Aye,Aye,Aye,No Vote Recorded,Aye,No,No,No
Charlie Elphicke,Conservative,Dover,No,No,No,No,No,Aye,Aye,No
Bill Esterson,Labour,Sefton Central,Aye,Aye,Aye,Aye,Aye,No,No,No
George Eustice,Conservative,Camborne and Redruth,No,No,No,Aye,No,Aye,Aye,Aye
Chris Evans,Labour,Islwyn,Aye,No Vote Recorded,Aye,Aye,No Vote Recorded,No,No,No Vote Recorded
Nigel Evans,Conservative,Ribble Valley,No,No,No,No,No,Aye,Aye,No
David Evennett,Conservative,Bexleyheath and Crayford,No,No,No,No,No,No Vote Recorded,No,No
Michael Fabricant,Conservative,Lichfield,No,No,No,No,No,Aye,Aye,No
Michael Fallon,Conservative,Sevenoaks,No,No,No,No Vote Recorded,No,No,Aye,Aye
Paul Farrelly,Labour,Newcastle-under-Lyme,Aye,Aye,Aye,Aye,Aye,No,No,No
Tim Farron,Liberal Democrat,Westmorland and Lonsdale,No Vote Recorded,Aye,No Vote Recorded,No Vote Recorded,Aye,No,No,No Vote Recorded
Marion Fellows,Scottish National Party,Motherwell and Wishaw,No Vote Recorded,Aye,No Vote Recorded,No Vote Recorded,Aye,No,No,No
Frank Field,Independent,Birkenhead,No,No,No,No,No,No,No,No
Mark Field,Conservative,Cities of London and Westminster,Aye,No Vote Recorded,No,No,Aye,No,Aye,No
Jim Fitzpatrick,Labour,Poplar and Limehouse,Aye,No,Aye,No,No Vote Recorded,No,No,No
Colleen Fletcher,Labour,Coventry North East,Aye,Aye,Aye,Aye,No Vote Recorded,No,No,No Vote Recorded
Caroline Flint,Labour,Don Valley,No Vote Recorded,No,Aye,No,No,No,No,No
Vicky Ford,Conservative,Chelmsford,Aye,No,No,Aye,No,No,No,No Vote Recorded
Kevin Foster,Conservative,Torbay,No,No,No,No,No,Aye,No,Aye
Yvonne Fovargue,Labour,Makerfield,Aye,No,Aye,No Vote Recorded,No Vote Recorded,No,No Vote Recorded,No Vote Recorded
Liam Fox,Conservative,North Somerset,No Vote Recorded,No Vote Recorded,No Vote Recorded,No Vote Recorded,No Vote Recorded,No Vote Recorded,No Vote Recorded,No Vote Recorded
Vicky Foxcroft,Labour,"Lewisham, Deptford",Aye,Aye,Aye,Aye,Aye,No,No,No Vote Recorded
Mark Francois,Conservative,Rayleigh and Wickford,No,No,No,No,No,Aye,Aye,No
Lucy Frazer,Conservative,South East Cambridgeshire,No Vote Recorded,No,No,No,No,No,No Vote Recorded,No
George Freeman,Conservative,Mid Norfolk,Aye,No Vote Recorded,No,Aye,No,No Vote Recorded,No,Aye
Mike Freer,Conservative,Finchley and Golders Green,No,No,No,No,Aye,No,No,No
James Frith,Labour,Bury North,Aye,Aye,Aye,Aye,Aye,No,No,No Vote Recorded
Gill Furniss,Labour,"Sheffield, Brightside and Hillsborough",Aye,Aye,Aye,Aye,No Vote Recorded,No,No,No Vote Recorded
Marcus Fysh,Conservative,Yeovil,No,No,No,No,No,Aye,Aye,No
Hugh Gaffney,Labour,"Coatbridge, Chryston and Bellshill",Aye,Aye,Aye,Aye,Aye,No,No,No Vote Recorded
Roger Gale,Conservative,North Thanet,No,No,No,No,No,No,No,No
Mike Gapes,Independent,Ilford South,No,Aye,No,No,Aye,No,No,No
Barry Gardiner,Labour,Brent North,Aye,Aye,Aye,No Vote Recorded,No Vote Recorded,No,No,No Vote Recorded
Mark Garnier,Conservative,Wyre Forest,No,No Vote Recorded,No,No,No,No Vote Recorded,Aye,Aye
David Gauke,Conservative,South West Hertfordshire,No Vote Recorded,No Vote Recorded,No Vote Recorded,No Vote Recorded,No Vote Recorded,No Vote Recorded,No Vote Recorded,No Vote Recorded
Ruth George,Labour,High Peak,Aye,Aye,Aye,No Vote Recorded,Aye,No,No,No
Stephen Gethins,Scottish National Party,North East Fife,No Vote Recorded,Aye,No Vote Recorded,No Vote Recorded,Aye,No,No,No
Nusrat Ghani,Conservative,Wealden,No,No,No,No,No,Aye,No,No
Nick Gibb,Conservative,Bognor Regis and Littlehampton,No,No,No,No Vote Recorded,No,No Vote Recorded,No,No Vote Recorded
Patricia Gibson,Scottish National Party,North Ayrshire and Arran,No Vote Recorded,Aye,No Vote Recorded,No Vote Recorded,Aye,No,No,No
Michelle Gildernew,Sinn F?in,Fermanagh and South Tyrone,No Vote Recorded,No Vote Recorded,No Vote Recorded,No Vote Recorded,No Vote Recorded,No Vote Recorded,No Vote Recorded,No Vote Recorded
Preet Kaur Gill,Labour,"Birmingham, Edgbaston",Aye,Aye,Aye,No Vote Recorded,Aye,No,No,No Vote Recorded
Cheryl Gillan,Conservative,Chesham and Amersham,No,No,No,No,No,No,No,No
Paul Girvan,Democratic Unionist Party,South Antrim,No,No,No,No Vote Recorded,No,No Vote Recorded,Aye,No Vote Recorded
John Glen,Conservative,Salisbury,No,No,No,No,No,No,No,No
Mary Glindon,Labour,North Tyneside,Aye,No Vote Recorded,Aye,Aye,No Vote Recorded,No,No,No Vote Recorded
Roger Godsiff,Labour,"Birmingham, Hall Green",Aye,Aye,Aye,Aye,Aye,No,No,No
Zac Goldsmith,Conservative,Richmond Park,No,No,No,No,No,Aye,Aye,No
Helen Goodman,Labour,Bishop Auckland,Aye,Aye,Aye,Aye,No Vote Recorded,No,No,No
Robert Goodwill,Conservative,Scarborough and Whitby,No,No,No,No,No,Aye,No,No
Michael Gove,Conservative,Surrey Heath,No Vote Recorded,No Vote Recorded,No Vote Recorded,No Vote Recorded,No Vote Recorded,No Vote Recorded,No Vote Recorded,No Vote Recorded
Patrick Grady,Scottish National Party,Glasgow North,No Vote Recorded,Aye,No Vote Recorded,No Vote Recorded,Aye,No,No Vote Recorded,No
Luke Graham,Conservative,Ochil and South Perthshire,No,No,No,No,No,No,No Vote Recorded,Aye
Richard Graham,Conservative,Gloucester,No Vote Recorded,No,No,No Vote Recorded,No,No,No,No Vote Recorded
Bill Grant,Conservative,"Ayr, Carrick and Cumnock",No,No,No,No,No,No,No,Aye
Helen Grant,Conservative,Maidstone and The Weald,No,No,No,No,No,No,No,No
Peter Grant,Scottish National Party,Glenrothes,No Vote Recorded,Aye,No Vote Recorded,No Vote Recorded,Aye,No,No,No
James Gray,Conservative,North Wiltshire,No,No,No,No,No,Aye,Aye,No
Neil Gray,Scottish National Party,Airdrie and Shotts,No Vote Recorded,Aye,No Vote Recorded,No Vote Recorded,Aye,No,No,No
Chris Grayling,Conservative,Epsom and Ewell,No Vote Recorded,No Vote Recorded,No Vote Recorded,No Vote Recorded,No Vote Recorded,No Vote Recorded,No Vote Recorded,No Vote Recorded
Chris Green,Conservative,Bolton West,No,No,No,No,No,Aye,Aye,No
Damian Green,Conservative,Ashford,Aye,No,No,No,No,No,No Vote Recorded,Aye
Kate Green,Labour,Stretford and Urmston,Aye,Aye,Aye,No Vote Recorded,Aye,No,No,No
Justine Greening,Conservative,Putney,No Vote Recorded,Aye,No Vote Recorded,No Vote Recorded,Aye,No,No Vote Recorded,No Vote Recorded
Lilian Greenwood,Labour,Nottingham South,Aye,Aye,Aye,No Vote Recorded,Aye,No,No,No
Margaret Greenwood,Labour,Wirral West,Aye,Aye,Aye,No Vote Recorded,No Vote Recorded,No,No,No Vote Recorded
Dominic Grieve,Conservative,Beaconsfield,No Vote Recorded,Aye,No,No Vote Recorded,Aye,No,No,No
Nia Griffith,Labour,Llanelli,Aye,Aye,Aye,Aye,No Vote Recorded,No,No,No Vote Recorded
Andrew Griffiths,Conservative,Burton,No,No,No,No,No,Aye,No,No
John Grogan,Labour,Keighley,Aye,Aye,Aye,Aye,Aye,No,No,No Vote Recorded
Andrew Gwynne,Labour,Denton and Reddish,Aye,No Vote Recorded,Aye,Aye,No Vote Recorded,No,No,No Vote Recorded
Sam Gyimah,Conservative,East Surrey,No Vote Recorded,Aye,No,No Vote Recorded,No Vote Recorded,No,No,No Vote Recorded
Louise Haigh,Labour,"Sheffield, Heeley",Aye,Aye,Aye,Aye,Aye,No,No,No
Kirstene Hair,Conservative,Angus,No,No,No,No,No,No Vote Recorded,No Vote Recorded,No
Robert Halfon,Conservative,Harlow,No,No,No,Aye,No,No,No Vote Recorded,Aye
Luke Hall,Conservative,Thornbury and Yate,No,No,No,No,No,No,No,No
Fabian Hamilton,Labour,Leeds North East,Aye,Aye,Aye,No Vote Recorded,Aye,No,No,No
Philip Hammond,Conservative,Runnymede and Weybridge,No Vote Recorded,No Vote Recorded,No Vote Recorded,No Vote Recorded,No Vote Recorded,No Vote Recorded,No Vote Recorded,No Vote Recorded
Stephen Hammond,Conservative,Wimbledon,Aye,No Vote Recorded,No,Aye,Aye,No,No,Aye
Matt Hancock,Conservative,West Suffolk,No Vote Recorded,No Vote Recorded,No Vote Recorded,No Vote Recorded,No Vote Recorded,No Vote Recorded,No Vote Recorded,No Vote Recorded
Greg Hands,Conservative,Chelsea and Fulham,No,No,No,No,No,No,No Vote Recorded,No
David Hanson,Labour,Delyn,Aye,Aye,Aye,Aye,No Vote Recorded,No,No,No
Emma Hardy,Labour,Kingston upon Hull West and Hessle,Aye,Aye,Aye,Aye,No Vote Recorded,No,No,No Vote Recorded
Harriet Harman,Labour,Camberwell and Peckham,Aye,Aye,Aye,Aye,Aye,No,No,No
Mark Harper,Conservative,Forest of Dean,No,No,No,No,No,Aye,Aye,No
Richard Harrington,Conservative,Watford,Aye,No Vote Recorded,No,Aye,Aye,No,No,No Vote Recorded
Carolyn Harris,Labour,Swansea East,Aye,No Vote Recorded,Aye,Aye,No Vote Recorded,No,No,No Vote Recorded
Rebecca Harris,Conservative,Castle Point,No,No,No,No,No,Aye,Aye,No
Trudy Harrison,Conservative,Copeland,No,No,No,No,No,Aye,No,Aye
Simon Hart,Conservative,Carmarthen West and South Pembrokeshire,No,No,No,Aye,No,No Vote Recorded,No Vote Recorded,Aye
Helen Hayes,Labour,Dulwich and West Norwood,Aye,Aye,Aye,No Vote Recorded,Aye,No,No,No
John Hayes,Conservative,South Holland and The Deepings,No,No,No,No,No,Aye,Aye,No
Sue Hayman,Labour,Workington,Aye,Aye,Aye,Aye,No Vote Recorded,No,No,No Vote Recorded
Chris Hazzard,Sinn F?in,South Down,No Vote Recorded,No Vote Recorded,No Vote Recorded,No Vote Recorded,No Vote Recorded,No Vote Recorded,No Vote Recorded,No Vote Recorded
Oliver Heald,Conservative,North East Hertfordshire,Aye,No,No,No Vote Recorded,No,No,No,No Vote Recorded
John Healey,Labour,Wentworth and Dearne,Aye,Aye,Aye,No Vote Recorded,No Vote Recorded,No,No Vote Recorded,No Vote Recorded
James Heappey,Conservative,Wells,No,No,No,No,No,No Vote Recorded,No Vote Recorded,No
Chris Heaton-Harris,Conservative,Daventry,No,No,No,No,No,Aye,No,No
Peter Heaton-Jones,Conservative,North Devon,No,No,No,No,No,No Vote Recorded,No,No
Gordon Henderson,Conservative,Sittingbourne and Sheppey,No,No,No,No,No,Aye,Aye,Aye
Mark Hendrick,Labour,Preston,Aye,Aye,Aye,Aye,Aye,No,No,Aye
Drew Hendry,Scottish National Party,"Inverness, Nairn, Badenoch and Strathspey",No Vote Recorded,Aye,No Vote Recorded,No Vote Recorded,Aye,No,No,No
Stephen Hepburn,Labour,Jarrow,No,No,No,No,No,No,No,No
Nick Herbert,Conservative,Arundel and South Downs,Aye,No,No,Aye,No,No,No,Aye
Lady Hermon,Independent,North Down,No,Aye,No,No,Aye,No,No,No
Mike Hill,Labour,Hartlepool,Aye,No,Aye,No Vote Recorded,No Vote Recorded,No,No,No Vote Recorded
Meg Hillier,Labour,Hackney South and Shoreditch,Aye,Aye,Aye,No Vote Recorded,Aye,No,No,No
Damian Hinds,Conservative,East Hampshire,No Vote Recorded,No Vote Recorded,No Vote Recorded,No Vote Recorded,No Vote Recorded,No Vote Recorded,No Vote Recorded,No Vote Recorded
Simon Hoare,Conservative,North Dorset,Aye,No,No,Aye,No,No,No,Aye
Wera Hobhouse,Liberal Democrat,Bath,No,Aye,No,No,Aye,No,No,No
Margaret Hodge,Labour,Barking,Aye,Aye,Aye,No Vote Recorded,Aye,No,No,No
Sharon Hodgson,Labour,Washington and Sunderland West,Aye,Aye,Aye,Aye,No Vote Recorded,No,No,No
Kate Hoey,Labour,Vauxhall,No,No,No Vote Recorded,No,No,Aye,Aye,No Vote Recorded
Kate Hollern,Labour,Blackburn,Aye,Aye,Aye,Aye,No Vote Recorded,No Vote Recorded,No Vote Recorded,No Vote Recorded
George Hollingbery,Conservative,Meon Valley,No,No,No,No,No,No,Aye,No
Kevin Hollinrake,Conservative,Thirsk and Malton,No,No,No,Aye,No,No,No,Aye
Philip Hollobone,Conservative,Kettering,No,No,No,No,No,Aye,Aye,No
Adam Holloway,Conservative,Gravesham,No,No,No,No,No,Aye,Aye,No
Kelvin Hopkins,Independent,Luton North,No Vote Recorded,No Vote Recorded,No Vote Recorded,No Vote Recorded,No Vote Recorded,No Vote Recorded,No Vote Recorded,No Vote Recorded
Stewart Hosie,Scottish National Party,Dundee East,No Vote Recorded,Aye,No Vote Recorded,No Vote Recorded,Aye,No,No,No
George Howarth,Labour,Knowsley,Aye,Aye,Aye,Aye,Aye,No,No,No
John Howell,Conservative,Henley,No,No Vote Recorded,No,No,No,No,No,No
Lindsay Hoyle,Deputy Speaker,Chorley,No Vote Recorded,No Vote Recorded,No Vote Recorded,No Vote Recorded,No Vote Recorded,No Vote Recorded,No Vote Recorded,No Vote Recorded
Nigel Huddleston,Conservative,Mid Worcestershire,No Vote Recorded,No,No,No Vote Recorded,No,No Vote Recorded,No Vote Recorded,No Vote Recorded
Eddie Hughes,Conservative,Walsall North,No,No,No,No,No,Aye,Aye,No
Jeremy Hunt,Conservative,South West Surrey,No Vote Recorded,No Vote Recorded,No Vote Recorded,No Vote Recorded,No Vote Recorded,No Vote Recorded,No Vote Recorded,No Vote Recorded
Rupa Huq,Labour,Ealing Central and Acton,Aye,Aye,Aye,No Vote Recorded,Aye,No,No,No
Nick Hurd,Conservative,"Ruislip, Northwood and Pinner",No Vote Recorded,No Vote Recorded,No,No Vote Recorded,No,No,No,No Vote Recorded
Imran Hussain,Labour,Bradford East,Aye,Aye,Aye,Aye,No Vote Recorded,No,No,No Vote Recorded
Alister Jack,Conservative,Dumfries and Galloway,No,No,No,No,No,No,Aye,No
Margot James,Conservative,Stourbridge,Aye,No Vote Recorded,No,Aye,No Vote Recorded,No,No,No Vote Recorded
Christine Jardine,Liberal Democrat,Edinburgh West,No Vote Recorded,Aye,No Vote Recorded,No Vote Recorded,Aye,No,No,No Vote Recorded
Dan Jarvis,Labour,Barnsley Central,Aye,No,Aye,Aye,No Vote Recorded,No,No,No Vote Recorded
Sajid Javid,Conservative,Bromsgrove,No Vote Recorded,No Vote Recorded,No Vote Recorded,No Vote Recorded,No Vote Recorded,No Vote Recorded,No Vote Recorded,No Vote Recorded
Ranil Jayawardena,Conservative,North East Hampshire,No,No,No,No,No,Aye,Aye,No
Bernard Jenkin,Conservative,Harwich and North Essex,No,No,No,No,No,Aye,Aye,No
Andrea Jenkyns,Conservative,Morley and Outwood,No,No,No,No,No,Aye,Aye,No
Robert Jenrick,Conservative,Newark,No,No,No,No,No,Aye,No,No
Boris Johnson,Conservative,Uxbridge and South Ruislip,No,No,No,No,No,Aye,Aye,No
Diana Johnson,Labour,Kingston upon Hull North,Aye,Aye,Aye,Aye,No Vote Recorded,No,No,No
Caroline Johnson,Conservative,Sleaford and North Hykeham,No,No,No,No,No,Aye,Aye,No
Gareth Johnson,Conservative,Dartford,No,No,No,No,No,Aye,Aye,No
Joseph Johnson,Conservative,Orpington,No,Aye,No,No,No,No,No,No
Andrew Jones,Conservative,Harrogate and Knaresborough,No,No,No,No,No,No,No,No
Darren Jones,Labour,Bristol North West,Aye,Aye,Aye,No Vote Recorded,Aye,No,No,No
Gerald Jones,Labour,Merthyr Tydfil and Rhymney,Aye,Aye,Aye,Aye,No Vote Recorded,No,No,No Vote Recorded
Graham P Jones,Labour,Hyndburn,Aye,Aye,Aye,No Vote Recorded,No Vote Recorded,No,No,No
Helen Jones,Labour,Warrington North,Aye,No,Aye,Aye,No,No,No,No
David Jones,Conservative,Clwyd West,No,No,No,No,No,Aye,Aye,No
Kevan Jones,Labour,North Durham,Aye,No,Aye,No,No Vote Recorded,No,No,No
Marcus Jones,Conservative,Nuneaton,No,No,No,No,No,Aye,No,No
Sarah Jones,Labour,Croydon Central,Aye,Aye,Aye,Aye,Aye,No,No,No Vote Recorded
Susan Elan Jones,Labour,Clwyd South,Aye,Aye,Aye,No Vote Recorded,Aye,No,No,No
Mike Kane,Labour,Wythenshawe and Sale East,Aye,No Vote Recorded,Aye,Aye,No Vote Recorded,No,No,No Vote Recorded
Daniel Kawczynski,Conservative,Shrewsbury and Atcham,No,No,No,No,No,Aye,No,No
Gillian Keegan,Conservative,Chichester,No,No,No,No,No,No,No,No Vote Recorded
Barbara Keeley,Labour,Worsley and Eccles South,Aye,Aye,Aye,No Vote Recorded,No Vote Recorded,No,No,No Vote Recorded
Liz Kendall,Labour,Leicester West,Aye,Aye,Aye,No Vote Recorded,Aye,No,No,No
Seema Kennedy,Conservative,South Ribble,No,No,No,No,No,No,No,No
Stephen Kerr,Conservative,Stirling,No,No,No,No,No,No,No,Aye
Afzal Khan,Labour,"Manchester, Gorton",Aye,Aye,Aye,Aye,No Vote Recorded,No,No,No Vote Recorded
Ged Killen,Labour,Rutherglen and Hamilton West,Aye,Aye,Aye,No Vote Recorded,Aye,No,No,No
Stephen Kinnock,Labour,Aberavon,Aye,No Vote Recorded,Aye,Aye,No Vote Recorded,No,No,Aye
Julian Knight,Conservative,Solihull,No,No,No,No,No,No Vote Recorded,Aye,Aye
Greg Knight,Conservative,East Yorkshire,No,No,No,No,No,Aye,No,No
Kwasi Kwarteng,Conservative,Spelthorne,No,No,No,No,No,Aye,No,No
Peter Kyle,Labour,Hove,Aye,Aye,Aye,Aye,Aye,No,No,No
Eleanor Laing,Deputy Speaker,Epping Forest,No Vote Recorded,No Vote Recorded,No Vote Recorded,No Vote Recorded,No Vote Recorded,No Vote Recorded,No Vote Recorded,No Vote Recorded
Lesley Laird,Labour,Kirkcaldy and Cowdenbeath,Aye,Aye,Aye,Aye,Aye,No,No,No Vote Recorded
Ben Lake,Plaid Cymru,Ceredigion,No Vote Recorded,Aye,No Vote Recorded,Aye,Aye,No,No,No Vote Recorded
Norman Lamb,Liberal Democrat,North Norfolk,Aye,Aye,No Vote Recorded,Aye,No Vote Recorded,No,No,No Vote Recorded
David Lammy,Labour,Tottenham,No Vote Recorded,Aye,Aye,No Vote Recorded,Aye,No,No,No
John Lamont,Conservative,"Berwickshire, Roxburgh and Selkirk",No,No,No,No,No,No Vote Recorded,No Vote Recorded,No
Mark Lancaster,Conservative,Milton Keynes North,No,No,No,No,No,Aye,Aye,No
Pauline Latham,Conservative,Mid Derbyshire,No,No,No,No,No,No Vote Recorded,Aye,No
Ian Lavery,Labour,Wansbeck,Aye,No Vote Recorded,Aye,Aye,No Vote Recorded,No,Aye,No Vote Recorded
Chris Law,Scottish National Party,Dundee West,No Vote Recorded,Aye,No Vote Recorded,No Vote Recorded,Aye,No,No,No
Andrea Leadsom,Conservative,South Northamptonshire,No Vote Recorded,No Vote Recorded,No Vote Recorded,No Vote Recorded,No Vote Recorded,No Vote Recorded,No Vote Recorded,No Vote Recorded
Phillip Lee,Conservative,Bracknell,No,Aye,No,No,Aye,No,No,No
Karen Lee,Labour,Lincoln,Aye,Aye,Aye,No,No Vote Recorded,No,No,No Vote Recorded
Jeremy Lefroy,Conservative,Stafford,Aye,No Vote Recorded,No Vote Recorded,Aye,No Vote Recorded,No,No Vote Recorded,Aye
Edward Leigh,Conservative,Gainsborough,No,No,No,No,No,Aye,Aye,No
Chris Leslie,Independent,Nottingham East,No,Aye,No,No,Aye,No,No,No
Oliver Letwin,Conservative,West Dorset,Aye,No,No,Aye,No,No,No,Aye
Emma Lewell-Buck,Labour,South Shields,Aye,No,Aye,No Vote Recorded,No Vote Recorded,No,No,No Vote Recorded
Andrew Lewer,Conservative,Northampton South,No,No,No,No,No,Aye,Aye,No
Brandon Lewis,Conservative,Great Yarmouth,No Vote Recorded,No Vote Recorded,No Vote Recorded,No Vote Recorded,No Vote Recorded,No Vote Recorded,No Vote Recorded,No Vote Recorded
Clive Lewis,Labour,Norwich South,Aye,Aye,Aye,No,Aye,No,No,No
Julian Lewis,Conservative,New Forest East,No,No,No,No,No,Aye,Aye,No
Ivan Lewis,Independent,Bury South,Aye,No,Aye,Aye,No Vote Recorded,No,No,No
Ian Liddell-Grainger,Conservative,Bridgwater and West Somerset,No,No,No,No,No,Aye,No,No
David Lidington,Conservative,Aylesbury,No Vote Recorded,No Vote Recorded,No Vote Recorded,No Vote Recorded,No Vote Recorded,No Vote Recorded,No Vote Recorded,No Vote Recorded
David Linden,Scottish National Party,Glasgow East,No Vote Recorded,Aye,No Vote Recorded,No Vote Recorded,Aye,No,No,No
Emma Little Pengelly,Democratic Unionist Party,Belfast South,No,No,No,No Vote Recorded,No,No Vote Recorded,Aye,No Vote Recorded
Stephen Lloyd,Independent,Eastbourne,Aye,No Vote Recorded,Aye,Aye,Aye,No,No,Aye
Tony Lloyd,Labour,Rochdale,Aye,Aye,Aye,Aye,No Vote Recorded,No,No,No
Rebecca Long Bailey,Labour,Salford and Eccles,Aye,Aye,Aye,Aye,No Vote Recorded,No,No,No Vote Recorded
Julia Lopez,Conservative,Hornchurch and Upminster,No,No,No,No,No,Aye,Aye,No
Jack Lopresti,Conservative,Filton and Bradley Stoke,No,No,No,No,No,Aye,No,No
Jonathan Lord,Conservative,Woking,No,No,No,No,No,Aye,Aye,No
Tim Loughton,Conservative,East Worthing and Shoreham,No,No,No,No,No,Aye,Aye,No
Caroline Lucas,Green Party,"Brighton, Pavilion",No,Aye,No,No,Aye,No,No,No
Ian C. Lucas,Labour,Wrexham,Aye,Aye,Aye,Aye,No,No,No,No
Holly Lynch,Labour,Halifax,Aye,Aye,Aye,Aye,No Vote Recorded,No,No,No Vote Recorded
Craig Mackinlay,Conservative,South Thanet,No,No,No,No,No,Aye,Aye,No
Rachel Maclean,Conservative,Redditch,No,No,No,No,No,Aye,Aye,No
Angus Brendan MacNeil,Scottish National Party,Na h-Eileanan an Iar,No Vote Recorded,No Vote Recorded,No Vote Recorded,No Vote Recorded,Aye,No,No,No
Justin Madders,Labour,Ellesmere Port and Neston,Aye,No,Aye,Aye,No Vote Recorded,No,No,No
Khalid Mahmood,Labour,"Birmingham, Perry Barr",Aye,Aye,Aye,Aye,No Vote Recorded,No,No,No Vote Recorded
Shabana Mahmood,Labour,"Birmingham, Ladywood",Aye,Aye,Aye,Aye,Aye,No,No,No
Anne Main,Conservative,St Albans,No,No,No,No,No,Aye,Aye,No
Alan Mak,Conservative,Havant,No,No,No,No,No,Aye,Aye,No
Seema Malhotra,Labour,Feltham and Heston,Aye,Aye,Aye,Aye,No Vote Recorded,No,No,No
Kit Malthouse,Conservative,North West Hampshire,No,No,No,No,No,Aye,Aye,No
John Mann,Labour,Bassetlaw,No,No,Aye,No,No,No,No,No
Scott Mann,Conservative,North Cornwall,No,No,No,No,No,Aye,Aye,Aye
Gordon Marsden,Labour,Blackpool South,Aye,Aye,Aye,Aye,No,No,No,No
Sandy Martin,Labour,Ipswich,Aye,Aye,Aye,Aye,Aye,No,No,No
Rachael Maskell,Labour,York Central,Aye,Aye,Aye,No,Aye,No,No,No
Paul Maskey,Sinn F?in,Belfast West,No Vote Recorded,No Vote Recorded,No Vote Recorded,No Vote Recorded,No Vote Recorded,No Vote Recorded,No Vote Recorded,No Vote Recorded
Paul Masterton,Conservative,East Renfrewshire,Aye,No,No,Aye,No Vote Recorded,No,No,Aye
Christian Matheson,Labour,City of Chester,Aye,Aye,Aye,No,Aye,No,No,No
Theresa May,Conservative,Maidenhead,No Vote Recorded,No Vote Recorded,No Vote Recorded,No Vote Recorded,No Vote Recorded,No Vote Recorded,No Vote Recorded,No Vote Recorded
Paul Maynard,Conservative,Blackpool North and Cleveleys,No,No,No,No,No,Aye,Aye,No
Steve McCabe,Labour,"Birmingham, Selly Oak",Aye,Aye,Aye,Aye,No Vote Recorded,No,No,No Vote Recorded
Elisha McCallion,Sinn F?in,Foyle,No Vote Recorded,No Vote Recorded,No Vote Recorded,No Vote Recorded,No Vote Recorded,No Vote Recorded,No Vote Recorded,No Vote Recorded
Kerry McCarthy,Labour,Bristol East,Aye,Aye,Aye,No,Aye,No,No,No
Siobhain McDonagh,Labour,Mitcham and Morden,No,Aye,No,No,Aye,No,No,No
Andy McDonald,Labour,Middlesbrough,Aye,Aye,Aye,Aye,No Vote Recorded,No,No Vote Recorded,No Vote Recorded
Stewart Malcolm McDonald,Scottish National Party,Glasgow South,No Vote Recorded,Aye,No Vote Recorded,No Vote Recorded,Aye,No,No,No
Stuart C. McDonald,Scottish National Party,"Cumbernauld, Kilsyth and Kirkintilloch East",No Vote Recorded,Aye,No Vote Recorded,No Vote Recorded,Aye,No,No,No
John McDonnell,Labour,Hayes and Harlington,Aye,Aye,Aye,Aye,No Vote Recorded,No,No,No Vote Recorded
Pat McFadden,Labour,Wolverhampton South East,Aye,Aye,Aye,No Vote Recorded,No Vote Recorded,No,No,No
Conor McGinn,Labour,St Helens North,Aye,Aye,Aye,Aye,No Vote Recorded,No,No,No Vote Recorded
Alison McGovern,Labour,Wirral South,Aye,Aye,Aye,No Vote Recorded,No Vote Recorded,No,No,No
Liz McInnes,Labour,Heywood and Middleton,Aye,No Vote Recorded,Aye,Aye,No Vote Recorded,No,No,No Vote Recorded
Catherine McKinnell,Labour,Newcastle upon Tyne North,Aye,Aye,Aye,No Vote Recorded,Aye,No,No,No
Patrick McLoughlin,Conservative,Derbyshire Dales,No,No,No,No,No,No,No,No
Jim McMahon,Labour,Oldham West and Royton,Aye,No Vote Recorded,Aye,Aye,No Vote Recorded,No,No,No Vote Recorded
Anna McMorrin,Labour,Cardiff North,No,Aye,Aye,No,Aye,No,No,No
John McNally,Scottish National Party,Falkirk,No Vote Recorded,No Vote Recorded,No Vote Recorded,No Vote Recorded,No Vote Recorded,No Vote Recorded,No Vote Recorded,No Vote Recorded
Stephen McPartland,Conservative,Stevenage,No,No,No,No,No,Aye,Aye,No
Esther McVey,Conservative,Tatton,No,No,No,No,No,Aye,Aye,No
Ian Mearns,Labour,Gateshead,Aye,No Vote Recorded,Aye,Aye,No Vote Recorded,No,No,No Vote Recorded
Mark Menzies,Conservative,Fylde,No,No,No,No,No,Aye,No,No
Johnny Mercer,Conservative,"Plymouth, Moor View",No,No,No,No,No,Aye,No,No
Huw Merriman,Conservative,Bexhill and Battle,No,Aye,No,No,No,Aye,No,No
Stephen Metcalfe,Conservative,South Basildon and East Thurrock,No,No,No,No,No,Aye,Aye,No
Edward Miliband,Labour,Doncaster North,Aye,Aye,Aye,Aye,No Vote Recorded,No,No,No Vote Recorded
Maria Miller,Conservative,Basingstoke,No,No,No,No,No,Aye,Aye,No
Amanda Milling,Conservative,Cannock Chase,No,No,No,No,No,Aye,No Vote Recorded,No
Nigel Mills,Conservative,Amber Valley,No,No,No,No,No,Aye,Aye,No
Anne Milton,Conservative,Guildford,Aye,No Vote Recorded,No,No Vote Recorded,No Vote Recorded,No,No,No Vote Recorded
Andrew Mitchell,Conservative,Sutton Coldfield,Aye,No,No,No Vote Recorded,No,Aye,Aye,No Vote Recorded
Francie Molloy,Sinn F?in,Mid Ulster,No Vote Recorded,No Vote Recorded,No Vote Recorded,No Vote Recorded,No Vote Recorded,No Vote Recorded,No Vote Recorded,No Vote Recorded
Carol Monaghan,Scottish National Party,Glasgow North West,No Vote Recorded,Aye,No Vote Recorded,No Vote Recorded,Aye,No,No,No
Madeleine Moon,Labour,Bridgend,Aye,Aye,Aye,No,Aye,No,No,No
Damien Moore,Conservative,Southport,No,No,No,No,No,No,No,No
Layla Moran,Liberal Democrat,Oxford West and Abingdon,No Vote Recorded,Aye,No Vote Recorded,No Vote Recorded,Aye,No,No,No Vote Recorded
Penny Mordaunt,Conservative,Portsmouth North,No Vote Recorded,No Vote Recorded,No Vote Recorded,No Vote Recorded,No Vote Recorded,No Vote Recorded,No Vote Recorded,No Vote Recorded
Jessica Morden,Labour,Newport East,Aye,Aye,Aye,No Vote Recorded,No Vote Recorded,No,No,No Vote Recorded
Nicky Morgan,Conservative,Loughborough,Aye,No,No,Aye,No,No,No,Aye
Stephen Morgan,Labour,Portsmouth South,Aye,Aye,Aye,No,Aye,No,No,No
Anne Marie Morris,Conservative,Newton Abbot,No,No,No,No,No,Aye,No,No
David Morris,Conservative,Morecambe and Lunesdale,No,No,No,No,No,No,No,No
Grahame Morris,Labour,Easington,No,No,Aye,No,No,No,No,No
James Morris,Conservative,Halesowen and Rowley Regis,No,No,No,No,No,Aye,No,No
Wendy Morton,Conservative,Aldridge-Brownhills,No,No,No,No,No,Aye,No,No
David Mundell,Conservative,"Dumfriesshire, Clydesdale and Tweeddale",No Vote Recorded,No Vote Recorded,No Vote Recorded,No Vote Recorded,No Vote Recorded,No Vote Recorded,No Vote Recorded,No Vote Recorded
Ian Murray,Labour,Edinburgh South,Aye,Aye,No Vote Recorded,Aye,Aye,No,No,No
Sheryll Murray,Conservative,South East Cornwall,No,No,No,No,No,Aye,Aye,No
Andrew Murrison,Conservative,South West Wiltshire,No,No,No,No,No,Aye,No Vote Recorded,No Vote Recorded
Lisa Nandy,Labour,Wigan,Aye,No Vote Recorded,Aye,Aye,Aye,No,No Vote Recorded,No Vote Recorded
Robert Neill,Conservative,Bromley and Chislehurst,Aye,No,No,Aye,No,No,No,Aye
Gavin Newlands,Scottish National Party,Paisley and Renfrewshire North,No Vote Recorded,Aye,No Vote Recorded,No Vote Recorded,Aye,No,No,No
Sarah Newton,Conservative,Truro and Falmouth,Aye,No Vote Recorded,No,No Vote Recorded,No Vote Recorded,No,No,Aye
Caroline Nokes,Conservative,Romsey and Southampton North,No Vote Recorded,No Vote Recorded,No Vote Recorded,No Vote Recorded,No Vote Recorded,No Vote Recorded,No Vote Recorded,No Vote Recorded
Jesse Norman,Conservative,Hereford and South Herefordshire,No,No,No,No,No,No,No,No
Alex Norris,Labour,Nottingham North,Aye,Aye,Aye,Aye,No Vote Recorded,No,No,No Vote Recorded
Neil O'Brien,Conservative,Harborough,No,No,No,No,No,Aye,No Vote Recorded,No
Matthew Offord,Conservative,Hendon,No,No,No,No,No,Aye,Aye,No
Brendan O'Hara,Scottish National Party,Argyll and Bute,No Vote Recorded,Aye,No Vote Recorded,No Vote Recorded,Aye,No,No,No
Jared O'Mara,Independent,"Sheffield, Hallam",No Vote Recorded,No Vote Recorded,No Vote Recorded,No Vote Recorded,No Vote Recorded,No Vote Recorded,No Vote Recorded,No Vote Recorded
Fiona Onasanya,Independent,Peterborough,No,Aye,No Vote Recorded,Aye,No Vote Recorded,No,No,No
Melanie Onn,Labour,Great Grimsby,Aye,No,Aye,Aye,No Vote Recorded,No,No Vote Recorded,No Vote Recorded
Chi Onwurah,Labour,Newcastle upon Tyne Central,Aye,Aye,Aye,Aye,Aye,No,No,No
Guy Opperman,Conservative,Hexham,No,No,No,No,No,No,No,No
Kate Osamor,Labour,Edmonton,Aye,Aye,Aye,No,Aye,No,No,No
Albert Owen,Labour,Ynys M?n,Aye,Aye,Aye,Aye,Aye,No,No,No Vote Recorded
Ian Paisley,Democratic Unionist Party,North Antrim,No,No,No,No Vote Recorded,No,No Vote Recorded,Aye,No Vote Recorded
Neil Parish,Conservative,Tiverton and Honiton,No,No,No,No Vote Recorded,No,Aye,Aye,Aye
Priti Patel,Conservative,Witham,No,No,No,No,No,Aye,Aye,No
Owen Paterson,Conservative,North Shropshire,No,No,No,No,No,Aye,Aye,No
Mark Pawsey,Conservative,Rugby,Aye,No,No,Aye,No,No,No,Aye
Stephanie Peacock,Labour,Barnsley East,Aye,No,Aye,Aye,No Vote Recorded,No,No,No Vote Recorded
Teresa Pearce,Labour,Erith and Thamesmead,Aye,Aye,Aye,No Vote Recorded,No Vote Recorded,No,No,No Vote Recorded
Mike Penning,Conservative,Hemel Hempstead,No,No,No,No,No,Aye,No,No
Matthew Pennycook,Labour,Greenwich and Woolwich,Aye,Aye,Aye,Aye,Aye,No,No,No
John Penrose,Conservative,Weston-super-Mare,No,No,No,Aye,No,Aye,Aye,Aye
Andrew Percy,Conservative,Brigg and Goole,No,No,No,Aye,No,Aye,Aye,Aye
Toby Perkins,Labour,Chesterfield,Aye,Aye,Aye,Aye,No,No,No,No
Claire Perry,Conservative,Devizes,No Vote Recorded,No Vote Recorded,No Vote Recorded,No Vote Recorded,No Vote Recorded,No Vote Recorded,No Vote Recorded,No Vote Recorded
Jess Phillips,Labour,"Birmingham, Yardley",Aye,Aye,Aye,Aye,Aye,No,No,No
Bridget Phillipson,Labour,Houghton and Sunderland South,Aye,Aye,Aye,No Vote Recorded,No Vote Recorded,No,No,No
Chris Philp,Conservative,Croydon South,No,No,No,No,No,No Vote Recorded,Aye,No
Laura Pidcock,Labour,North West Durham,Aye,Aye,Aye,Aye,No Vote Recorded,No,No,No Vote Recorded
Christopher Pincher,Conservative,Tamworth,No,No,No,No,No,Aye,Aye,No
Jo Platt,Labour,Leigh,Aye,No Vote Recorded,Aye,Aye,No Vote Recorded,No,No,No Vote Recorded
Luke Pollard,Labour,"Plymouth, Sutton and Devonport",Aye,Aye,Aye,Aye,Aye,No,No,No
Dan Poulter,Conservative,Central Suffolk and North Ipswich,No,No,No,No,No,Aye,No,Aye
Stephen Pound,Labour,Ealing North,Aye,Aye,Aye,Aye,No Vote Recorded,No,No,No Vote Recorded
Rebecca Pow,Conservative,Taunton Deane,No,No,No,Aye,No,No,No,Aye
Lucy Powell,Labour,Manchester Central,Aye,Aye,Aye,Aye,No Vote Recorded,No,No,No Vote Recorded
Victoria Prentis,Conservative,Banbury,Aye,No,No,No Vote Recorded,No,No,No,No Vote Recorded
Mark Prisk,Conservative,Hertford and Stortford,No,No,No,No,No,No,No,Aye
Mark Pritchard,Conservative,The Wrekin,No,No,No,No,No,Aye,No,No
Tom Pursglove,Conservative,Corby,No,No,No,No,No,Aye,Aye,No
Jeremy Quin,Conservative,Horsham,No,No,No,No,No,No,No,No
Will Quince,Conservative,Colchester,No,No,No,No,No,Aye,Aye,No
Yasmin Qureshi,Labour,Bolton South East,Aye,Aye,Aye,Aye,No Vote Recorded,No,No,No Vote Recorded
Dominic Raab,Conservative,Esher and Walton,No,No,No,No,No,Aye,Aye,No
Faisal Rashid,Labour,Warrington South,Aye,Aye,Aye,Aye,Aye,No,No,No Vote Recorded
Angela Rayner,Labour,Ashton-under-Lyne,Aye,Aye,Aye,Aye,No Vote Recorded,No,No,No Vote Recorded
John Redwood,Conservative,Wokingham,No,No,No,No,No,Aye,No,No
Steve Reed,Labour,Croydon North,Aye,Aye,Aye,Aye,Aye,No,No,No Vote Recorded
Christina Rees,Labour,Neath,Aye,Aye,Aye,Aye,No Vote Recorded,No,No,No Vote Recorded
Jacob Rees-Mogg,Conservative,North East Somerset,No,No,No,No,No,Aye,Aye,No
Ellie Reeves,Labour,Lewisham West and Penge,Aye,Aye,Aye,No Vote Recorded,Aye,No,No,No
Rachel Reeves,Labour,Leeds West,Aye,Aye,Aye,Aye,Aye,No,No,No
Emma Reynolds,Labour,Wolverhampton North East,Aye,Aye,Aye,Aye,No Vote Recorded,No,No,No
Jonathan Reynolds,Labour,Stalybridge and Hyde,Aye,Aye,Aye,Aye,No Vote Recorded,No,No,No Vote Recorded
Marie Rimmer,Labour,St Helens South and Whiston,Aye,Aye,Aye,Aye,Aye,No,No,No
Laurence Robertson,Conservative,Tewkesbury,No,No,No,No,No,Aye,Aye,No
Gavin Robinson,Democratic Unionist Party,Belfast East,No,No,No,No Vote Recorded,No,No Vote Recorded,Aye,No Vote Recorded
Mary Robinson,Conservative,Cheadle,No,No,No,No,No,No,No,No
Geoffrey Robinson,Labour,Coventry North West,Aye,Aye,Aye,Aye,No,No,No,No Vote Recorded
Matt Rodda,Labour,Reading East,Aye,Aye,Aye,Aye,Aye,No,No,No Vote Recorded
Andrew Rosindell,Conservative,Romford,No,No,No,No,No,Aye,Aye,No
Douglas Ross,Conservative,Moray,No,No,No,No,No,No Vote Recorded,No Vote Recorded,No
Danielle Rowley,Labour,Midlothian,Aye,Aye,Aye,Aye,Aye,No,No,No Vote Recorded
Lee Rowley,Conservative,North East Derbyshire,No,No,No,No,No,Aye,Aye,No
Chris Ruane,Labour,Vale of Clwyd,Aye,Aye,Aye,Aye,No Vote Recorded,No,No,No
Amber Rudd,Conservative,Hastings and Rye,No Vote Recorded,No Vote Recorded,No Vote Recorded,No Vote Recorded,No Vote Recorded,No Vote Recorded,No Vote Recorded,No Vote Recorded
Lloyd Russell-Moyle,Labour,"Brighton, Kemptown",Aye,Aye,Aye,No,Aye,No,No,No
David Rutley,Conservative,Macclesfield,No Vote Recorded,No Vote Recorded,No Vote Recorded,No Vote Recorded,No Vote Recorded,No Vote Recorded,No Vote Recorded,No Vote Recorded
Joan Ryan,Independent,Enfield North,No Vote Recorded,Aye,No,No,Aye,No,No,No
Antoinette Sandbach,Conservative,Eddisbury,Aye,Aye,No,Aye,No Vote Recorded,No,No,Aye
Liz Saville Roberts,Plaid Cymru,Dwyfor Meirionnydd,No Vote Recorded,Aye,No Vote Recorded,Aye,Aye,No,No,No Vote Recorded
Paul Scully,Conservative,Sutton and Cheam,No,No,No,No,No,Aye,Aye,No
Bob Seely,Conservative,Isle of Wight,No,No,No,No,No,Aye,No,No
Andrew Selous,Conservative,South West Bedfordshire,No,No,No,No,No,No Vote Recorded,No Vote Recorded,No
Naz Shah,Labour,Bradford West,Aye,Aye,Aye,Aye,No Vote Recorded,No,No,No Vote Recorded
Jim Shannon,Democratic Unionist Party,Strangford,No,No,No,No Vote Recorded,No,No,Aye,No Vote Recorded
Grant Shapps,Conservative,Welwyn Hatfield,No,No,No,No,No,Aye,Aye,No
Alok Sharma,Conservative,Reading West,No,No,No,No,No,No,No,No
Virendra Sharma,Labour,"Ealing, Southall",Aye,Aye,Aye,Aye,Aye,No,No,No
Barry Sheerman,Labour,Huddersfield,Aye,Aye,Aye,No Vote Recorded,Aye,No,No,No
Alec Shelbrooke,Conservative,Elmet and Rothwell,No Vote Recorded,No Vote Recorded,No Vote Recorded,No Vote Recorded,No Vote Recorded,No Vote Recorded,No Vote Recorded,No Vote Recorded
Tommy Sheppard,Scottish National Party,Edinburgh East,No Vote Recorded,Aye,No Vote Recorded,No Vote Recorded,Aye,No,No,No
Paula Sherriff,Labour,Dewsbury,Aye,No Vote Recorded,Aye,Aye,No Vote Recorded,No,No,No Vote Recorded
Gavin Shuker,Independent,Luton South,No,Aye,No,No,Aye,No,No,No
Tulip Siddiq,Labour,Hampstead and Kilburn,Aye,Aye,Aye,No,Aye,No,No,No
David Simpson,Democratic Unionist Party,Upper Bann,No,No,No,No Vote Recorded,No,No Vote Recorded,Aye,No Vote Recorded
Keith Simpson,Conservative,Broadland,No,No,No,No,No,No,No,No
Chris Skidmore,Conservative,Kingswood,No,No,No,No,No,No,No,No
Dennis Skinner,Labour,Bolsover,No,No,Aye,No,No,Aye,No,Aye
Andy Slaughter,Labour,Hammersmith,Aye,Aye,Aye,No Vote Recorded,Aye,No,No,No
Ruth Smeeth,Labour,Stoke-on-Trent North,Aye,No,Aye,No,No,No,No,No
Angela Smith,Independent,Penistone and Stocksbridge,No,Aye,No,No,Aye,No,No,No
Cat Smith,Labour,Lancaster and Fleetwood,Aye,Aye,Aye,Aye,No Vote Recorded,No,No,No Vote Recorded
Chloe Smith,Conservative,Norwich North,No,No,No,No,No,No Vote Recorded,No Vote Recorded,No
Eleanor Smith,Labour,Wolverhampton South West,Aye,Aye,Aye,Aye,No Vote Recorded,No,No,No Vote Recorded
Henry Smith,Conservative,Crawley,No,No,No,No,No,Aye,Aye,No
Jeff Smith,Labour,"Manchester, Withington",Aye,Aye,Aye,Aye,Aye,No,No,No
Julian Smith,Conservative,Skipton and Ripon,No Vote Recorded,No Vote Recorded,No Vote Recorded,No Vote Recorded,No Vote Recorded,No Vote Recorded,No Vote Recorded,No Vote Recorded
Laura Smith,Labour,Crewe and Nantwich,Aye,No,Aye,No,No Vote Recorded,No,No,No
Nick Smith,Labour,Blaenau Gwent,Aye,Aye,Aye,No Vote Recorded,No Vote Recorded,No,No,No Vote Recorded
Owen Smith,Labour,Pontypridd,No Vote Recorded,Aye,No Vote Recorded,No,Aye,No,No,No
Royston Smith,Conservative,"Southampton, Itchen",No,No,No,No,No,Aye,Aye,No
Karin Smyth,Labour,Bristol South,Aye,Aye,Aye,Aye,Aye,No,No,No
Gareth Snell,Labour,Stoke-on-Trent Central,Aye,No,Aye,No,No,No,No,No
Nicholas Soames,Conservative,Mid Sussex,Aye,No,No,Aye,No,No,No,No
Alex Sobel,Labour,Leeds North West,Aye,Aye,Aye,Aye,Aye,No,No,No
Anna Soubry,Independent,Broxtowe,No,Aye,No,No,Aye,No,No,No
John Spellar,Labour,Warley,Aye,No,Aye,No,No,No,No,No
Caroline Spelman,Conservative,Meriden,Aye,No,No,Aye,No,No,No,Aye
Mark Spencer,Conservative,Sherwood,No,No,No,No,No,Aye,No Vote Recorded,No
Keir Starmer,Labour,Holborn and St Pancras,Aye,Aye,Aye,Aye,No Vote Recorded,No,No,No Vote Recorded
Chris Stephens,Scottish National Party,Glasgow South West,No Vote Recorded,Aye,No Vote Recorded,No Vote Recorded,Aye,No,No,No
Andrew Stephenson,Conservative,Pendle,No,No,No,No,No,Aye,Aye,No
Jo Stevens,Labour,Cardiff Central,No Vote Recorded,Aye,No Vote Recorded,No,Aye,No,No,No
John Stevenson,Conservative,Carlisle,No,No,No,Aye,No,No Vote Recorded,No,Aye
Bob Stewart,Conservative,Beckenham,No,No,No,No,No,Aye,Aye,No
Iain Stewart,Conservative,Milton Keynes South,No,No,No,No,No,Aye,Aye,No
Rory Stewart,Conservative,Penrith and The Border,Aye,No,No,No Vote Recorded,No,No,No,No Vote Recorded
Jamie Stone,Liberal Democrat,"Caithness, Sutherland and Easter Ross",No Vote Recorded,Aye,No Vote Recorded,No Vote Recorded,Aye,No,No,No Vote Recorded
Gary Streeter,Conservative,South West Devon,No,No,No,No,No,No,No,Aye
Wes Streeting,Labour,Ilford North,Aye,Aye,Aye,No Vote Recorded,Aye,No,No,No
Mel Stride,Conservative,Central Devon,No,No,No,No,No,No,No,No
Graham Stringer,Labour,Blackley and Broughton,No,No,No Vote Recorded,No,No,No Vote Recorded,Aye,No
Graham Stuart,Conservative,Beverley and Holderness,No,No,No,No,No,Aye,Aye,No
Julian Sturdy,Conservative,York Outer,No,No,No,No,No,No Vote Recorded,Aye,Aye
Rishi Sunak,Conservative,Richmond (Yorks),No,No,No,No,No,Aye,Aye,No
Desmond Swayne,Conservative,New Forest West,No,No,No,No,No,Aye,Aye,No
Paul Sweeney,Labour,Glasgow North East,Aye,Aye,Aye,Aye,Aye,No,No,No Vote Recorded
Jo Swinson,Liberal Democrat,East Dunbartonshire,No Vote Recorded,Aye,No Vote Recorded,No Vote Recorded,Aye,No,No,No Vote Recorded
Hugo Swire,Conservative,East Devon,No,No,No,No,No,No,No Vote Recorded,No
Robert Syms,Conservative,Poole,No,No,No,No,No,Aye,No,No
Mark Tami,Labour,Alyn and Deeside,Aye,Aye,Aye,No Vote Recorded,No Vote Recorded,No,No,No Vote Recorded
Alison Thewliss,Scottish National Party,Glasgow Central,No Vote Recorded,Aye,No Vote Recorded,No Vote Recorded,Aye,No,No,No
Derek Thomas,Conservative,St Ives,No,No,No,No,No,Aye,Aye,Aye
Gareth Thomas,Labour,Harrow West,Aye,Aye,Aye,Aye,Aye,No,No,No
Nick Thomas-Symonds,Labour,Torfaen,Aye,Aye,Aye,No Vote Recorded,No Vote Recorded,No,No,No Vote Recorded
Ross Thomson,Conservative,Aberdeen South,No,No,No,No,No,Aye,Aye,No
Emily Thornberry,Labour,Islington South and Finsbury,Aye,Aye,Aye,Aye,No Vote Recorded,No,No,No Vote Recorded
Maggie Throup,Conservative,Erewash,No,No,No,No,No,Aye,No,No
Stephen Timms,Labour,East Ham,Aye,Aye,Aye,Aye,Aye,No,No,No Vote Recorded
Kelly Tolhurst,Conservative,Rochester and Strood,No,No,No,No,No,Aye,No,No
Justin Tomlinson,Conservative,North Swindon,No,No,No,No,No,Aye,Aye,No
Michael Tomlinson,Conservative,Mid Dorset and North Poole,No,No,No,No,No,Aye,Aye,No
Craig Tracey,Conservative,North Warwickshire,No,No,No,No,No,Aye,No,No
David Tredinnick,Conservative,Bosworth,No,No,No,Aye,No,No,No,Aye
Anne-Marie Trevelyan,Conservative,Berwick-upon-Tweed,No,No,No,No,No,Aye,Aye,No
Jon Trickett,Labour,Hemsworth,Aye,No Vote Recorded,Aye,Aye,No Vote Recorded,No,No,No Vote Recorded
Elizabeth Truss,Conservative,South West Norfolk,No Vote Recorded,No Vote Recorded,No Vote Recorded,No Vote Recorded,No Vote Recorded,No Vote Recorded,No Vote Recorded,No Vote Recorded
Tom Tugendhat,Conservative,Tonbridge and Malling,No Vote Recorded,No,No Vote Recorded,No Vote Recorded,No,No Vote Recorded,No Vote Recorded,No Vote Recorded
Anna Turley,Labour,Redcar,Aye,Aye,Aye,No Vote Recorded,Aye,No,No,No
Karl Turner,Labour,Kingston upon Hull East,Aye,Aye,Aye,Aye,No Vote Recorded,No Vote Recorded,No Vote Recorded,No Vote Recorded
Derek Twigg,Labour,Halton,Aye,No,Aye,No,No,No,No,No
Stephen Twigg,Labour,"Liverpool, West Derby",Aye,Aye,Aye,Aye,Aye,No,No,No Vote Recorded
Liz Twist,Labour,Blaydon,Aye,Aye,Aye,Aye,No Vote Recorded,No,No,No Vote Recorded
Chuka Umunna,Independent,Streatham,No,Aye,No,No,Aye,No,No,No
Edward Vaizey,Conservative,Wantage,Aye,No Vote Recorded,No,Aye,No Vote Recorded,No,No,Aye
Shailesh Vara,Conservative,North West Cambridgeshire,No,No,No,No,No,Aye,Aye,No
Keith Vaz,Labour,Leicester East,Aye,Aye,Aye,Aye,Aye,No,No,No Vote Recorded
Valerie Vaz,Labour,Walsall South,Aye,Aye,Aye,Aye,No Vote Recorded,No,No,No Vote Recorded
Martin Vickers,Conservative,Cleethorpes,No,No,No,No,No,Aye,No,No
Theresa Villiers,Conservative,Chipping Barnet,No,No,No,No,No,No Vote Recorded,Aye,No
Charles Walker,Conservative,Broxbourne,No,No,No,No,No,No,No,No
Robin Walker,Conservative,Worcester,No Vote Recorded,No,No,No,No,No,No,No
Thelma Walker,Labour,Colne Valley,Aye,Aye,Aye,No,Aye,No,No,No
Ben Wallace,Conservative,Wyre and Preston North,No,No,No,No,No,Aye,No,Aye
David Warburton,Conservative,Somerton and Frome,No,No,No,No,No,Aye,Aye,Aye
Matt Warman,Conservative,Boston and Skegness,No,No,No,No,No,Aye,No,No
Giles Watling,Conservative,Clacton,No,No,No,No,No,Aye,Aye,No
Tom Watson,Labour,West Bromwich East,Aye,Aye,Aye,Aye,No Vote Recorded,No,No,No Vote Recorded
Catherine West,Labour,Hornsey and Wood Green,Aye,Aye,Aye,No Vote Recorded,Aye,No,No,No
Matt Western,Labour,Warwick and Leamington,Aye,Aye,Aye,Aye,Aye,No,No,No
Helen Whately,Conservative,Faversham and Mid Kent,No,No,No,No,No,Aye,Aye,No
Heather Wheeler,Conservative,South Derbyshire,No,No,No,No,No,Aye,Aye,No
Alan Whitehead,Labour,"Southampton, Test",Aye,Aye,Aye,Aye,Aye,No,No,No
Martin Whitfield,Labour,East Lothian,Aye,Aye,Aye,No Vote Recorded,Aye,No,No,No Vote Recorded
Philippa Whitford,Scottish National Party,Central Ayrshire,No Vote Recorded,Aye,No Vote Recorded,No Vote Recorded,Aye,No,No,No
Craig Whittaker,Conservative,Calder Valley,No,No,No,No,No,Aye,No,No
John Whittingdale,Conservative,Maldon,No,No,No,No,No,Aye,Aye,No
Bill Wiggin,Conservative,North Herefordshire,No,No,No,No,No,Aye,Aye,No
Paul Williams,Labour,Stockton South,No,Aye,Aye,No,Aye,No,No,No
Hywel Williams,Plaid Cymru,Arfon,No Vote Recorded,Aye,No Vote Recorded,Aye,Aye,No,No,No Vote Recorded
Chris Williamson,Independent,Derby North,Aye,No,Aye,No,No,No Vote Recorded,No,No Vote Recorded
Gavin Williamson,Conservative,South Staffordshire,No Vote Recorded,No Vote Recorded,No Vote Recorded,No Vote Recorded,No Vote Recorded,No Vote Recorded,No Vote Recorded,No Vote Recorded
Phil Wilson,Labour,Sedgefield,Aye,Aye,Aye,Aye,No Vote Recorded,No,No,No Vote Recorded
Sammy Wilson,Democratic Unionist Party,East Antrim,No,No,No,No Vote Recorded,No,No Vote Recorded,Aye,No Vote Recorded
Rosie Winterton,Deputy Speaker,Doncaster Central,No Vote Recorded,No Vote Recorded,No Vote Recorded,No Vote Recorded,No Vote Recorded,No Vote Recorded,No Vote Recorded,No Vote Recorded
Pete Wishart,Scottish National Party,Perth and North Perthshire,No Vote Recorded,No Vote Recorded,No Vote Recorded,No Vote Recorded,Aye,No,No,No
Sarah Wollaston,Independent,Totnes,No,Aye,No,No,Aye,No,No,No
Mike Wood,Conservative,Dudley South,No,No,No,No,No,Aye,No Vote Recorded,No
John Woodcock,Independent,Barrow and Furness,No Vote Recorded,Aye,No,No Vote Recorded,Aye,No,No,No
William Wragg,Conservative,Hazel Grove,No,No,No,No,No,Aye,Aye,No
Jeremy Wright,Conservative,Kenilworth and Southam,No Vote Recorded,No Vote Recorded,No Vote Recorded,No Vote Recorded,No Vote Recorded,No Vote Recorded,No Vote Recorded,No Vote Recorded
Mohammad Yasin,Labour,Bedford,Aye,Aye,Aye,Aye,Aye,No,No,No
Nadhim Zahawi,Conservative,Stratford-on-Avon,No,No,No,No Vote Recorded,No,No Vote Recorded,No Vote Recorded,No Vote Recorded
Daniel Zeichner,Labour,Cambridge,No Vote Recorded,Aye,No Vote Recorded,No,Aye,No,No,No
