Party,Name,Constituency,Voting 1,Voting 2,Voting 3,Voting 4,Voting 5,Voting 6,Voting 7,Voting 8
"Lab
","Graham P Jones
",34,"gv-for""","gv-for""","gv-for""","gv-did-not-vote""","gv-did-not-vote""","gv-against""","gv-against""","gv-against"""
"Lab
","Diane Abbott
",80,"gv-for""","gv-for""","gv-for""","gv-for""","gv-did-not-vote""","gv-against""","gv-against""","gv-did-not-vote"""
"Con
","Nigel Adams
",42,"gv-against""","gv-against""","gv-against""","gv-against""","gv-against""","gv-did-not-vote""","gv-for""","gv-against"""
"Con
","Bim Afolami
",60,"gv-did-not-vote""","gv-against""","gv-against""","gv-for""","gv-against""","gv-against""","gv-did-not-vote""","gv-for"""
"Con
","Adam Afriyie
",53,"gv-against""","gv-against""","gv-against""","gv-against""","gv-against""","gv-for""","gv-for""","gv-against"""
"Con
","Peter Aldous
",37,"gv-against""","gv-against""","gv-against""","gv-against""","gv-against""","gv-against""","gv-against""","gv-for"""
"Lab
","Rushanara Ali
",69,"gv-for""","gv-for""","gv-for""","gv-for""","gv-for""","gv-against""","gv-against""","gv-against"""
"Con
","Lucy Allan
",34,"gv-did-not-vote""","gv-did-not-vote""","gv-did-not-vote""","gv-did-not-vote""","gv-did-not-vote""","gv-did-not-vote""","gv-did-not-vote""","gv-did-not-vote"""
"TIG
","Heidi Allen
",62,"gv-against""","gv-for""","gv-against""","gv-against""","gv-for""","gv-against""","gv-did-not-vote""","gv-against"""
"Lab
","Rosena Allin-Khan
",74,"gv-for""","gv-for""","gv-for""","gv-against""","gv-for""","gv-against""","gv-against""","gv-against"""
"Lab
","Mike Amesbury
",49,"gv-for""","gv-for""","gv-for""","gv-for""","gv-did-not-vote""","gv-against""","gv-against""","gv-did-not-vote"""
"Con
","Sir David Amess
",45,"gv-against""","gv-against""","gv-against""","gv-against""","gv-against""","gv-for""","gv-for""","gv-against"""
"Con
","Stuart Andrew
",51,"gv-against""","gv-against""","gv-against""","gv-against""","gv-against""","gv-for""","gv-for""","gv-against"""
"Lab
","Tonia Antoniazzi
",51,"gv-for""","gv-for""","gv-for""","gv-against""","gv-for""","gv-against""","gv-against""","gv-against"""
"Con
","Edward Argar
",42,"gv-against""","gv-against""","gv-against""","gv-against""","gv-against""","gv-did-not-vote""","gv-against""","gv-against"""
"Lab
","Jonathan Ashworth
",58,"gv-for""","gv-for""","gv-for""","gv-for""","gv-did-not-vote""","gv-against""","gv-against""","gv-did-not-vote"""
"Con
","Victoria Atkins
",31,"gv-against""","gv-against""","gv-against""","gv-against""","gv-against""","gv-against""","gv-against""","gv-against"""
"Ind
","Ian Austin
",29,"gv-for""","gv-against""","gv-for""","gv-for""","gv-did-not-vote""","gv-against""","gv-against""","gv-did-not-vote"""
"Con
","Richard Bacon
",49,"gv-against""","gv-against""","gv-against""","gv-against""","gv-against""","gv-for""","gv-for""","gv-against"""
"Con
","Kemi Badenoch
",49,"gv-against""","gv-against""","gv-against""","gv-against""","gv-against""","gv-did-not-vote""","gv-for""","gv-against"""
"Lab
","Adrian Bailey
",31,"gv-for""","gv-for""","gv-for""","gv-for""","gv-did-not-vote""","gv-against""","gv-against""","gv-did-not-vote"""
"Con
","Steve Baker
",52,"gv-against""","gv-against""","gv-against""","gv-against""","gv-against""","gv-for""","gv-for""","gv-against"""
"Con
","Harriett Baldwin
",47,"gv-against""","gv-against""","gv-against""","gv-against""","gv-against""","gv-did-not-vote""","gv-did-not-vote""","gv-did-not-vote"""
"Con
","Stephen Barclay
",31,"gv-did-not-vote""","gv-did-not-vote""","gv-did-not-vote""","gv-did-not-vote""","gv-did-not-vote""","gv-did-not-vote""","gv-did-not-vote""","gv-did-not-vote"""
"SNP
","Hannah Bardell
",57,"gv-did-not-vote""","gv-for""","gv-did-not-vote""","gv-did-not-vote""","gv-for""","gv-against""","gv-against""","gv-against"""
"Con
","John Baron
",33,"gv-against""","gv-against""","gv-against""","gv-against""","gv-against""","gv-for""","gv-did-not-vote""","gv-against"""
"Lab
","Sir Kevin Barron
",33,"gv-for""","gv-against""","gv-did-not-vote""","gv-against""","gv-against""","gv-against""","gv-against""","gv-against"""
"Con
","Guto Bebb
",48,"gv-for""","gv-for""","gv-against""","gv-against""","gv-for""","gv-against""","gv-against""","gv-for"""
"Lab
","Margaret Beckett
",39,"gv-for""","gv-for""","gv-for""","gv-did-not-vote""","gv-did-not-vote""","gv-against""","gv-against""","gv-did-not-vote"""
"SF
","Órfhlaith Begley
",67,"gv-did-not-vote""","gv-did-not-vote""","gv-did-not-vote""","gv-did-not-vote""","gv-did-not-vote""","gv-did-not-vote""","gv-did-not-vote""","gv-did-not-vote"""
"Con
","Sir Henry Bellingham
",34,"gv-against""","gv-against""","gv-against""","gv-against""","gv-against""","gv-for""","gv-for""","gv-against"""
"Lab
","Hilary Benn
",54,"gv-for""","gv-for""","gv-for""","gv-for""","gv-did-not-vote""","gv-against""","gv-against""","gv-did-not-vote"""
"Con
","Richard Benyon
",52,"gv-for""","gv-against""","gv-against""","gv-for""","gv-against""","gv-against""","gv-against""","gv-against"""
"Oth
","John Bercow
",51,"gv-did-not-vote""","gv-did-not-vote""","gv-did-not-vote""","gv-did-not-vote""","gv-did-not-vote""","gv-did-not-vote""","gv-did-not-vote""","gv-did-not-vote"""
"Con
","Sir Paul Beresford
",53,"gv-against""","gv-against""","gv-against""","gv-against""","gv-against""","gv-against""","gv-against""","gv-against"""
"TIG
","Luciana Berger
",65,"gv-against""","gv-for""","gv-against""","gv-against""","gv-for""","gv-against""","gv-against""","gv-against"""
"Con
","Jake Berry
",41,"gv-against""","gv-against""","gv-against""","gv-against""","gv-against""","gv-for""","gv-against""","gv-against"""
"Lab
","Clive Betts
",34,"gv-for""","gv-for""","gv-for""","gv-for""","gv-for""","gv-against""","gv-against""","gv-against"""
"SNP
","Mhairi Black
",65,"gv-did-not-vote""","gv-for""","gv-did-not-vote""","gv-did-not-vote""","gv-for""","gv-against""","gv-against""","gv-against"""
"SNP
","Ian Blackford
",56,"gv-did-not-vote""","gv-for""","gv-did-not-vote""","gv-did-not-vote""","gv-for""","gv-against""","gv-against""","gv-against"""
"Con
","Bob Blackman
",53,"gv-against""","gv-against""","gv-against""","gv-against""","gv-against""","gv-for""","gv-for""","gv-for"""
"SNP
","Kirsty Blackman
",57,"gv-did-not-vote""","gv-for""","gv-did-not-vote""","gv-did-not-vote""","gv-for""","gv-against""","gv-against""","gv-against"""
"Lab
","Roberta Blackman-Woods
",57,"gv-for""","gv-for""","gv-for""","gv-for""","gv-for""","gv-against""","gv-against""","gv-did-not-vote"""
"Lab
","Paul Blomfield
",68,"gv-for""","gv-for""","gv-for""","gv-for""","gv-for""","gv-against""","gv-against""","gv-against"""
"Con
","Crispin Blunt
",52,"gv-against""","gv-against""","gv-against""","gv-against""","gv-against""","gv-for""","gv-for""","gv-against"""
"Con
","Nick Boles
",39,"gv-for""","gv-did-not-vote""","gv-against""","gv-for""","gv-against""","gv-against""","gv-against""","gv-for"""
"Con
","Peter Bone
",37,"gv-against""","gv-against""","gv-against""","gv-against""","gv-against""","gv-for""","gv-for""","gv-against"""
"Con
","Sir Peter Bottomley
",44,"gv-against""","gv-against""","gv-against""","gv-against""","gv-against""","gv-against""","gv-did-not-vote""","gv-against"""
"Con
","Andrew Bowie
",61,"gv-against""","gv-against""","gv-against""","gv-against""","gv-against""","gv-against""","gv-against""","gv-against"""
"Lab
","Tracy Brabin
",40,"gv-for""","gv-did-not-vote""","gv-for""","gv-for""","gv-did-not-vote""","gv-against""","gv-against""","gv-did-not-vote"""
"Con
","Ben Bradley
",29,"gv-against""","gv-against""","gv-against""","gv-against""","gv-against""","gv-for""","gv-for""","gv-against"""
"Con
","Karen Bradley
",35,"gv-did-not-vote""","gv-did-not-vote""","gv-did-not-vote""","gv-did-not-vote""","gv-did-not-vote""","gv-did-not-vote""","gv-did-not-vote""","gv-did-not-vote"""
"Lab
","Ben Bradshaw
",55,"gv-for""","gv-for""","gv-for""","gv-did-not-vote""","gv-for""","gv-against""","gv-against""","gv-against"""
"Con
","Sir Graham Brady
",61,"gv-against""","gv-against""","gv-against""","gv-against""","gv-against""","gv-against""","gv-against""","gv-against"""
"SF
","Mickey Brady
",63,"gv-did-not-vote""","gv-did-not-vote""","gv-did-not-vote""","gv-did-not-vote""","gv-did-not-vote""","gv-did-not-vote""","gv-did-not-vote""","gv-did-not-vote"""
"LD
","Tom Brake
",44,"gv-did-not-vote""","gv-for""","gv-did-not-vote""","gv-did-not-vote""","gv-for""","gv-against""","gv-against""","gv-did-not-vote"""
"Con
","Suella Braverman
",44,"gv-against""","gv-against""","gv-against""","gv-against""","gv-against""","gv-for""","gv-for""","gv-against"""
"Lab
","Kevin Brennan
",56,"gv-for""","gv-for""","gv-for""","gv-for""","gv-for""","gv-against""","gv-against""","gv-did-not-vote"""
"Con
","Jack Brereton
",29,"gv-against""","gv-against""","gv-against""","gv-against""","gv-against""","gv-for""","gv-for""","gv-against"""
"Con
","Andrew Bridgen
",39,"gv-against""","gv-against""","gv-against""","gv-against""","gv-against""","gv-for""","gv-for""","gv-against"""
"Con
","Steve Brine
",60,"gv-for""","gv-did-not-vote""","gv-against""","gv-for""","gv-did-not-vote""","gv-against""","gv-against""","gv-for"""
"SNP
","Deidre Brock
",78,"gv-did-not-vote""","gv-for""","gv-did-not-vote""","gv-did-not-vote""","gv-for""","gv-against""","gv-against""","gv-against"""
"Con
","James Brokenshire
",38,"gv-did-not-vote""","gv-did-not-vote""","gv-did-not-vote""","gv-did-not-vote""","gv-did-not-vote""","gv-did-not-vote""","gv-did-not-vote""","gv-did-not-vote"""
"SNP
","Alan Brown
",61,"gv-did-not-vote""","gv-for""","gv-did-not-vote""","gv-did-not-vote""","gv-for""","gv-against""","gv-against""","gv-against"""
"Lab
","Lyn Brown
",52,"gv-for""","gv-for""","gv-for""","gv-did-not-vote""","gv-for""","gv-against""","gv-against""","gv-against"""
"Lab
","Nicholas Brown
",59,"gv-for""","gv-for""","gv-for""","gv-for""","gv-did-not-vote""","gv-against""","gv-against""","gv-did-not-vote"""
"Con
","Fiona Bruce
",47,"gv-against""","gv-against""","gv-against""","gv-against""","gv-against""","gv-for""","gv-for""","gv-against"""
"Lab
","Chris Bryant
",40,"gv-for""","gv-for""","gv-for""","gv-for""","gv-did-not-vote""","gv-against""","gv-against""","gv-against"""
"Lab
","Karen Buck
",66,"gv-for""","gv-for""","gv-for""","gv-did-not-vote""","gv-for""","gv-against""","gv-against""","gv-against"""
"Con
","Robert Buckland
",48,"gv-against""","gv-against""","gv-against""","gv-against""","gv-against""","gv-against""","gv-against""","gv-against"""
"Lab
","Richard Burden
",38,"gv-for""","gv-for""","gv-for""","gv-for""","gv-did-not-vote""","gv-against""","gv-against""","gv-against"""
"Con
","Alex Burghart
",39,"gv-against""","gv-against""","gv-against""","gv-against""","gv-against""","gv-did-not-vote""","gv-did-not-vote""","gv-against"""
"Lab
","Richard Burgon
",39,"gv-for""","gv-for""","gv-for""","gv-for""","gv-did-not-vote""","gv-against""","gv-against""","gv-did-not-vote"""
"Con
","Conor Burns
",42,"gv-against""","gv-against""","gv-against""","gv-against""","gv-against""","gv-for""","gv-for""","gv-against"""
"Con
","Alistair Burt
",47,"gv-for""","gv-did-not-vote""","gv-against""","gv-for""","gv-did-not-vote""","gv-against""","gv-against""","gv-for"""
"Lab
","Dawn Butler
",57,"gv-for""","gv-for""","gv-for""","gv-did-not-vote""","gv-did-not-vote""","gv-against""","gv-against""","gv-against"""
"Lab
","Liam Byrne
",48,"gv-for""","gv-for""","gv-for""","gv-for""","gv-did-not-vote""","gv-against""","gv-against""","gv-did-not-vote"""
"LD
","Sir Vince Cable
",67,"gv-did-not-vote""","gv-for""","gv-against""","gv-did-not-vote""","gv-for""","gv-against""","gv-against""","gv-against"""
"Lab
","Ruth Cadbury
",57,"gv-for""","gv-for""","gv-for""","gv-against""","gv-for""","gv-against""","gv-against""","gv-against"""
"Con
","Alun Cairns
",47,"gv-did-not-vote""","gv-did-not-vote""","gv-did-not-vote""","gv-did-not-vote""","gv-did-not-vote""","gv-did-not-vote""","gv-did-not-vote""","gv-did-not-vote"""
"SNP
","Lisa Cameron
",63,"gv-did-not-vote""","gv-for""","gv-did-not-vote""","gv-did-not-vote""","gv-for""","gv-against""","gv-against""","gv-against"""
"Lab
","Sir Alan Campbell
",52,"gv-for""","gv-for""","gv-for""","gv-did-not-vote""","gv-did-not-vote""","gv-against""","gv-against""","gv-did-not-vote"""
"DUP
","Gregory Campbell
",52,"gv-against""","gv-against""","gv-against""","gv-did-not-vote""","gv-against""","gv-did-not-vote""","gv-for""","gv-did-not-vote"""
"Lab
","Ronnie Campbell
",39,"gv-against""","gv-against""","gv-against""","gv-against""","gv-against""","gv-for""","gv-against""","gv-for"""
"Lab
","Dan Carden
",48,"gv-for""","gv-for""","gv-for""","gv-for""","gv-did-not-vote""","gv-against""","gv-against""","gv-did-not-vote"""
"LD
","Alistair Carmichael
",60,"gv-did-not-vote""","gv-for""","gv-did-not-vote""","gv-did-not-vote""","gv-for""","gv-against""","gv-against""","gv-did-not-vote"""
"Con
","James Cartlidge
",46,"gv-against""","gv-against""","gv-against""","gv-for""","gv-against""","gv-against""","gv-against""","gv-for"""
"Con
","Sir William Cash
",43,"gv-against""","gv-against""","gv-against""","gv-against""","gv-against""","gv-for""","gv-for""","gv-against"""
"Con
","Maria Caulfield
",53,"gv-against""","gv-against""","gv-against""","gv-against""","gv-against""","gv-for""","gv-for""","gv-for"""
"Con
","Alex Chalk
",57,"gv-for""","gv-did-not-vote""","gv-against""","gv-against""","gv-did-not-vote""","gv-against""","gv-against""","gv-against"""
"Lab
","Sarah Champion
",32,"gv-for""","gv-against""","gv-for""","gv-against""","gv-against""","gv-against""","gv-against""","gv-against"""
"SNP
","Douglas Chapman
",61,"gv-did-not-vote""","gv-for""","gv-did-not-vote""","gv-did-not-vote""","gv-for""","gv-against""","gv-against""","gv-against"""
"Lab
","Jenny Chapman
",42,"gv-for""","gv-for""","gv-for""","gv-for""","gv-did-not-vote""","gv-against""","gv-against""","gv-did-not-vote"""
"Lab
","Bambos Charalambous
",62,"gv-for""","gv-for""","gv-for""","gv-for""","gv-for""","gv-against""","gv-against""","gv-did-not-vote"""
"SNP
","Joanna Cherry
",72,"gv-did-not-vote""","gv-for""","gv-did-not-vote""","gv-did-not-vote""","gv-for""","gv-against""","gv-against""","gv-against"""
"Con
","Rehman Chishti
",36,"gv-against""","gv-against""","gv-against""","gv-against""","gv-against""","gv-for""","gv-did-not-vote""","gv-against"""
"Con
","Sir Christopher Chope
",40,"gv-against""","gv-against""","gv-against""","gv-against""","gv-against""","gv-for""","gv-for""","gv-against"""
"Con
","Jo Churchill
",46,"gv-against""","gv-against""","gv-against""","gv-against""","gv-against""","gv-against""","gv-against""","gv-against"""
"Con
","Colin Clark
",56,"gv-did-not-vote""","gv-against""","gv-against""","gv-against""","gv-against""","gv-against""","gv-did-not-vote""","gv-did-not-vote"""
"Con
","Greg Clark
",55,"gv-did-not-vote""","gv-did-not-vote""","gv-did-not-vote""","gv-did-not-vote""","gv-did-not-vote""","gv-did-not-vote""","gv-did-not-vote""","gv-did-not-vote"""
"Con
","Kenneth Clarke
",59,"gv-for""","gv-did-not-vote""","gv-for""","gv-for""","gv-for""","gv-against""","gv-against""","gv-against"""
"Con
","Simon Clarke
",35,"gv-against""","gv-against""","gv-against""","gv-against""","gv-against""","gv-for""","gv-for""","gv-against"""
"Con
","James Cleverly
",38,"gv-against""","gv-against""","gv-against""","gv-against""","gv-against""","gv-did-not-vote""","gv-against""","gv-against"""
"Con
","Sir Geoffrey Clifton-Brown
",52,"gv-against""","gv-against""","gv-against""","gv-against""","gv-against""","gv-for""","gv-for""","gv-against"""
"Lab
","Ann Clwyd
",43,"gv-against""","gv-for""","gv-against""","gv-against""","gv-for""","gv-against""","gv-against""","gv-against"""
"Lab
","Vernon Coaker
",44,"gv-for""","gv-for""","gv-for""","gv-for""","gv-did-not-vote""","gv-against""","gv-against""","gv-against"""
"TIG
","Ann Coffey
",53,"gv-against""","gv-for""","gv-against""","gv-against""","gv-for""","gv-against""","gv-against""","gv-against"""
"Con
","Thérèse Coffey
",45,"gv-against""","gv-against""","gv-against""","gv-against""","gv-against""","gv-did-not-vote""","gv-did-not-vote""","gv-against"""
"Con
","Damian Collins
",38,"gv-against""","gv-against""","gv-against""","gv-for""","gv-against""","gv-against""","gv-against""","gv-for"""
"Lab
","Julie Cooper
",33,"gv-for""","gv-did-not-vote""","gv-for""","gv-for""","gv-did-not-vote""","gv-against""","gv-against""","gv-did-not-vote"""
"Lab
","Rosie Cooper
",45,"gv-for""","gv-against""","gv-for""","gv-against""","gv-against""","gv-against""","gv-against""","gv-against"""
"Lab
","Yvette Cooper
",31,"gv-for""","gv-for""","gv-for""","gv-for""","gv-did-not-vote""","gv-against""","gv-against""","gv-did-not-vote"""
"Lab
","Jeremy Corbyn
",78,"gv-for""","gv-for""","gv-for""","gv-for""","gv-did-not-vote""","gv-against""","gv-against""","gv-did-not-vote"""
"Con
","Alberto Costa
",42,"gv-against""","gv-against""","gv-against""","gv-for""","gv-against""","gv-against""","gv-against""","gv-for"""
"Con
","Robert Courts
",54,"gv-against""","gv-against""","gv-against""","gv-against""","gv-against""","gv-for""","gv-for""","gv-for"""
"SNP
","Ronnie Cowan
",64,"gv-did-not-vote""","gv-for""","gv-did-not-vote""","gv-did-not-vote""","gv-for""","gv-against""","gv-against""","gv-against"""
"Con
","Geoffrey Cox
",43,"gv-did-not-vote""","gv-did-not-vote""","gv-did-not-vote""","gv-did-not-vote""","gv-did-not-vote""","gv-did-not-vote""","gv-did-not-vote""","gv-did-not-vote"""
"Lab
","Neil Coyle
",74,"gv-for""","gv-for""","gv-for""","gv-against""","gv-for""","gv-against""","gv-against""","gv-against"""
"Con
","Stephen Crabb
",45,"gv-for""","gv-against""","gv-against""","gv-for""","gv-against""","gv-against""","gv-against""","gv-for"""
"Lab
","Sir David Crausby
",42,"gv-for""","gv-for""","gv-for""","gv-for""","gv-for""","gv-against""","gv-against""","gv-against"""
"SNP
","Angela Crawley
",64,"gv-did-not-vote""","gv-for""","gv-did-not-vote""","gv-did-not-vote""","gv-for""","gv-against""","gv-against""","gv-against"""
"Lab
","Mary Creagh
",37,"gv-for""","gv-for""","gv-for""","gv-did-not-vote""","gv-for""","gv-against""","gv-against""","gv-against"""
"Lab
","Stella Creasy
",67,"gv-for""","gv-for""","gv-for""","gv-did-not-vote""","gv-for""","gv-against""","gv-against""","gv-against"""
"Con
","Tracey Crouch
",36,"gv-against""","gv-against""","gv-against""","gv-against""","gv-against""","gv-for""","gv-did-not-vote""","gv-against"""
"Lab
","Jon Cruddas
",30,"gv-for""","gv-against""","gv-for""","gv-for""","gv-against""","gv-against""","gv-against""","gv-did-not-vote"""
"Lab
","John Cryer
",65,"gv-for""","gv-for""","gv-for""","gv-for""","gv-did-not-vote""","gv-against""","gv-against""","gv-did-not-vote"""
"Lab
","Judith Cummins
",36,"gv-for""","gv-did-not-vote""","gv-for""","gv-did-not-vote""","gv-did-not-vote""","gv-against""","gv-against""","gv-did-not-vote"""
"Lab
","Alex Cunningham
",34,"gv-for""","gv-for""","gv-for""","gv-for""","gv-for""","gv-against""","gv-against""","gv-against"""
"Lab
","Jim Cunningham
",50,"gv-against""","gv-for""","gv-for""","gv-for""","gv-against""","gv-against""","gv-against""","gv-against"""
"Lab
","Janet Daby
",65,"gv-for""","gv-for""","gv-for""","gv-did-not-vote""","gv-for""","gv-against""","gv-against""","gv-against"""
"Lab
","Nic Dakin
",31,"gv-for""","gv-for""","gv-for""","gv-did-not-vote""","gv-did-not-vote""","gv-against""","gv-against""","gv-did-not-vote"""
"LD
","Sir Edward Davey
",59,"gv-did-not-vote""","gv-for""","gv-did-not-vote""","gv-did-not-vote""","gv-for""","gv-against""","gv-against""","gv-did-not-vote"""
"Lab
","Wayne David
",45,"gv-for""","gv-for""","gv-for""","gv-for""","gv-did-not-vote""","gv-against""","gv-against""","gv-did-not-vote"""
"Con
","Chris Davies
",48,"gv-against""","gv-against""","gv-against""","gv-against""","gv-against""","gv-for""","gv-for""","gv-for"""
"Con
","David T. C. Davies
",52,"gv-against""","gv-against""","gv-against""","gv-against""","gv-against""","gv-for""","gv-for""","gv-against"""
"Lab
","Geraint Davies
",57,"gv-for""","gv-for""","gv-for""","gv-did-not-vote""","gv-for""","gv-against""","gv-against""","gv-against"""
"Con
","Glyn Davies
",44,"gv-against""","gv-against""","gv-against""","gv-against""","gv-against""","gv-for""","gv-for""","gv-for"""
"Con
","Mims Davies
",46,"gv-against""","gv-against""","gv-against""","gv-against""","gv-against""","gv-for""","gv-against""","gv-against"""
"Con
","Philip Davies
",48,"gv-against""","gv-against""","gv-against""","gv-against""","gv-against""","gv-for""","gv-for""","gv-against"""
"Con
","David Davis
",45,"gv-against""","gv-against""","gv-against""","gv-against""","gv-against""","gv-for""","gv-against""","gv-against"""
"SNP
","Martyn Day
",58,"gv-did-not-vote""","gv-for""","gv-did-not-vote""","gv-did-not-vote""","gv-for""","gv-against""","gv-against""","gv-against"""
"Lab
","Marsha De Cordova
",78,"gv-for""","gv-for""","gv-for""","gv-did-not-vote""","gv-for""","gv-against""","gv-against""","gv-against"""
"Lab
","Gloria De Piero
",29,"gv-for""","gv-did-not-vote""","gv-for""","gv-for""","gv-did-not-vote""","gv-against""","gv-against""","gv-did-not-vote"""
"Lab
","Thangam Debbonaire
",79,"gv-for""","gv-for""","gv-for""","gv-for""","gv-for""","gv-against""","gv-against""","gv-did-not-vote"""
"Lab
","Emma Dent Coad
",69,"gv-for""","gv-for""","gv-for""","gv-against""","gv-for""","gv-against""","gv-against""","gv-against"""
"Lab
","Tanmanjeet Singh Dhesi
",46,"gv-for""","gv-for""","gv-for""","gv-for""","gv-did-not-vote""","gv-against""","gv-against""","gv-did-not-vote"""
"Con
","Caroline Dinenage
",38,"gv-against""","gv-against""","gv-against""","gv-against""","gv-against""","gv-for""","gv-for""","gv-against"""
"Con
","Jonathan Djanogly
",46,"gv-for""","gv-did-not-vote""","gv-against""","gv-for""","gv-against""","gv-against""","gv-against""","gv-for"""
"Con
","Leo Docherty
",42,"gv-did-not-vote""","gv-did-not-vote""","gv-did-not-vote""","gv-did-not-vote""","gv-did-not-vote""","gv-did-not-vote""","gv-did-not-vote""","gv-did-not-vote"""
"SNP
","Martin Docherty-Hughes
",62,"gv-did-not-vote""","gv-for""","gv-did-not-vote""","gv-did-not-vote""","gv-for""","gv-against""","gv-against""","gv-against"""
"Lab
","Anneliese Dodds
",68,"gv-for""","gv-for""","gv-for""","gv-for""","gv-for""","gv-against""","gv-against""","gv-did-not-vote"""
"DUP
","Nigel Dodds
",50,"gv-against""","gv-against""","gv-against""","gv-did-not-vote""","gv-against""","gv-did-not-vote""","gv-for""","gv-did-not-vote"""
"DUP
","Sir Jeffrey M. Donaldson
",47,"gv-against""","gv-against""","gv-against""","gv-did-not-vote""","gv-against""","gv-did-not-vote""","gv-for""","gv-did-not-vote"""
"Con
","Michelle Donelan
",48,"gv-against""","gv-against""","gv-against""","gv-against""","gv-against""","gv-did-not-vote""","gv-for""","gv-against"""
"Con
","Nadine Dorries
",47,"gv-against""","gv-against""","gv-against""","gv-against""","gv-against""","gv-for""","gv-for""","gv-against"""
"Con
","Steve Double
",36,"gv-against""","gv-against""","gv-against""","gv-against""","gv-against""","gv-for""","gv-for""","gv-against"""
"Lab
","Stephen Doughty
",57,"gv-for""","gv-for""","gv-for""","gv-did-not-vote""","gv-for""","gv-against""","gv-against""","gv-against"""
"Lab
","Peter Dowd
",45,"gv-for""","gv-for""","gv-for""","gv-for""","gv-did-not-vote""","gv-against""","gv-against""","gv-did-not-vote"""
"Con
","Oliver Dowden
",49,"gv-against""","gv-against""","gv-against""","gv-against""","gv-against""","gv-against""","gv-against""","gv-against"""
"Con
","Jackie Doyle-Price
",30,"gv-against""","gv-against""","gv-against""","gv-against""","gv-against""","gv-for""","gv-against""","gv-against"""
"Con
","Richard Drax
",41,"gv-against""","gv-against""","gv-against""","gv-against""","gv-against""","gv-for""","gv-for""","gv-against"""
"Lab
","David Drew
",54,"gv-for""","gv-for""","gv-for""","gv-for""","gv-for""","gv-against""","gv-against""","gv-did-not-vote"""
"Lab
","Jack Dromey
",37,"gv-for""","gv-for""","gv-for""","gv-for""","gv-did-not-vote""","gv-against""","gv-against""","gv-against"""
"Con
","James Duddridge
",39,"gv-against""","gv-against""","gv-against""","gv-against""","gv-against""","gv-for""","gv-for""","gv-against"""
"Lab
","Rosie Duffield
",55,"gv-for""","gv-for""","gv-for""","gv-did-not-vote""","gv-for""","gv-against""","gv-against""","gv-against"""
"Con
","David Duguid
",46,"gv-against""","gv-against""","gv-against""","gv-against""","gv-against""","gv-against""","gv-against""","gv-for"""
"Con
","Sir Alan Duncan
",46,"gv-did-not-vote""","gv-against""","gv-against""","gv-did-not-vote""","gv-for""","gv-against""","gv-against""","gv-did-not-vote"""
"Con
","Iain Duncan Smith
",50,"gv-against""","gv-against""","gv-against""","gv-against""","gv-against""","gv-for""","gv-for""","gv-against"""
"Con
","Philip Dunne
",42,"gv-against""","gv-against""","gv-against""","gv-against""","gv-against""","gv-against""","gv-for""","gv-against"""
"Lab
","Angela Eagle
",50,"gv-for""","gv-for""","gv-for""","gv-did-not-vote""","gv-for""","gv-against""","gv-against""","gv-did-not-vote"""
"Lab
","Maria Eagle
",52,"gv-for""","gv-for""","gv-for""","gv-did-not-vote""","gv-for""","gv-against""","gv-against""","gv-against"""
"PC
","Jonathan Edwards
",47,"gv-did-not-vote""","gv-for""","gv-did-not-vote""","gv-for""","gv-for""","gv-against""","gv-against""","gv-did-not-vote"""
"Lab
","Clive Efford
",48,"gv-for""","gv-for""","gv-for""","gv-for""","gv-for""","gv-against""","gv-against""","gv-against"""
"Lab
","Julie Elliott
",40,"gv-for""","gv-for""","gv-for""","gv-did-not-vote""","gv-did-not-vote""","gv-against""","gv-against""","gv-did-not-vote"""
"Con
","Michael Ellis
",40,"gv-against""","gv-against""","gv-against""","gv-against""","gv-against""","gv-for""","gv-against""","gv-against"""
"Lab
","Dame Louise Ellman
",73,"gv-for""","gv-for""","gv-for""","gv-against""","gv-for""","gv-against""","gv-against""","gv-against"""
"Con
","Tobias Ellwood
",46,"gv-did-not-vote""","gv-did-not-vote""","gv-did-not-vote""","gv-did-not-vote""","gv-did-not-vote""","gv-did-not-vote""","gv-did-not-vote""","gv-did-not-vote"""
"Lab
","Chris Elmore
",41,"gv-for""","gv-for""","gv-for""","gv-did-not-vote""","gv-for""","gv-against""","gv-against""","gv-against"""
"Con
","Charlie Elphicke
",37,"gv-against""","gv-against""","gv-against""","gv-against""","gv-against""","gv-for""","gv-for""","gv-against"""
"Lab
","Bill Esterson
",56,"gv-for""","gv-for""","gv-for""","gv-for""","gv-for""","gv-against""","gv-against""","gv-against"""
"Con
","George Eustice
",42,"gv-against""","gv-against""","gv-against""","gv-for""","gv-against""","gv-for""","gv-for""","gv-for"""
"Lab
","Chris Evans
",41,"gv-for""","gv-did-not-vote""","gv-for""","gv-for""","gv-did-not-vote""","gv-against""","gv-against""","gv-did-not-vote"""
"Con
","Nigel Evans
",41,"gv-against""","gv-against""","gv-against""","gv-against""","gv-against""","gv-for""","gv-for""","gv-against"""
"Con
","Sir David Evennett
",35,"gv-against""","gv-against""","gv-against""","gv-against""","gv-against""","gv-did-not-vote""","gv-against""","gv-against"""
"Con
","Michael Fabricant
",43,"gv-against""","gv-against""","gv-against""","gv-against""","gv-against""","gv-for""","gv-for""","gv-against"""
"Con
","Sir Michael Fallon
",46,"gv-against""","gv-against""","gv-against""","gv-did-not-vote""","gv-against""","gv-against""","gv-for""","gv-for"""
"Lab
","Paul Farrelly
",38,"gv-for""","gv-for""","gv-for""","gv-for""","gv-for""","gv-against""","gv-against""","gv-against"""
"LD
","Tim Farron
",53,"gv-did-not-vote""","gv-for""","gv-did-not-vote""","gv-did-not-vote""","gv-for""","gv-against""","gv-against""","gv-did-not-vote"""
"SNP
","Marion Fellows
",62,"gv-did-not-vote""","gv-for""","gv-did-not-vote""","gv-did-not-vote""","gv-for""","gv-against""","gv-against""","gv-against"""
"Ind
","Frank Field
",48,"gv-against""","gv-against""","gv-against""","gv-against""","gv-against""","gv-against""","gv-against""","gv-against"""
"Con
","Mark Field
",72,"gv-for""","gv-did-not-vote""","gv-against""","gv-against""","gv-for""","gv-against""","gv-for""","gv-against"""
"Lab
","Jim Fitzpatrick
",66,"gv-for""","gv-against""","gv-for""","gv-against""","gv-did-not-vote""","gv-against""","gv-against""","gv-against"""
"Lab
","Colleen Fletcher
",42,"gv-for""","gv-for""","gv-for""","gv-for""","gv-did-not-vote""","gv-against""","gv-against""","gv-did-not-vote"""
"Lab
","Caroline Flint
",31,"gv-did-not-vote""","gv-against""","gv-for""","gv-against""","gv-against""","gv-against""","gv-against""","gv-against"""
"Con
","Vicky Ford
",49,"gv-for""","gv-against""","gv-against""","gv-for""","gv-against""","gv-against""","gv-against""","gv-did-not-vote"""
"Con
","Kevin Foster
",37,"gv-against""","gv-against""","gv-against""","gv-against""","gv-against""","gv-for""","gv-against""","gv-for"""
"Lab
","Yvonne Fovargue
",35,"gv-for""","gv-against""","gv-for""","gv-did-not-vote""","gv-did-not-vote""","gv-against""","gv-did-not-vote""","gv-did-not-vote"""
"Con
","Liam Fox
",52,"gv-did-not-vote""","gv-did-not-vote""","gv-did-not-vote""","gv-did-not-vote""","gv-did-not-vote""","gv-did-not-vote""","gv-did-not-vote""","gv-did-not-vote"""
"Lab
","Vicky Foxcroft
",76,"gv-for""","gv-for""","gv-for""","gv-for""","gv-for""","gv-against""","gv-against""","gv-did-not-vote"""
"Con
","Mark Francois
",32,"gv-against""","gv-against""","gv-against""","gv-against""","gv-against""","gv-for""","gv-for""","gv-against"""
"Con
","Lucy Frazer
",55,"gv-did-not-vote""","gv-against""","gv-against""","gv-against""","gv-against""","gv-against""","gv-did-not-vote""","gv-against"""
"Con
","George Freeman
",39,"gv-for""","gv-did-not-vote""","gv-against""","gv-for""","gv-against""","gv-did-not-vote""","gv-against""","gv-for"""
"Con
","Mike Freer
",69,"gv-against""","gv-against""","gv-against""","gv-against""","gv-for""","gv-against""","gv-against""","gv-against"""
"Lab
","James Frith
",46,"gv-for""","gv-for""","gv-for""","gv-for""","gv-for""","gv-against""","gv-against""","gv-did-not-vote"""
"Lab
","Gill Furniss
",40,"gv-for""","gv-for""","gv-for""","gv-for""","gv-did-not-vote""","gv-against""","gv-against""","gv-did-not-vote"""
"Con
","Marcus Fysh
",40,"gv-against""","gv-against""","gv-against""","gv-against""","gv-against""","gv-for""","gv-for""","gv-against"""
"Lab
","Hugh Gaffney
",61,"gv-for""","gv-for""","gv-for""","gv-for""","gv-for""","gv-against""","gv-against""","gv-did-not-vote"""
"Con
","Sir Roger Gale
",35,"gv-against""","gv-against""","gv-against""","gv-against""","gv-against""","gv-against""","gv-against""","gv-against"""
"TIG
","Mike Gapes
",57,"gv-against""","gv-for""","gv-against""","gv-against""","gv-for""","gv-against""","gv-against""","gv-against"""
"Lab
","Barry Gardiner
",57,"gv-for""","gv-for""","gv-for""","gv-did-not-vote""","gv-did-not-vote""","gv-against""","gv-against""","gv-did-not-vote"""
"Con
","Mark Garnier
",37,"gv-against""","gv-did-not-vote""","gv-against""","gv-against""","gv-against""","gv-did-not-vote""","gv-for""","gv-for"""
"Con
","David Gauke
",54,"gv-did-not-vote""","gv-did-not-vote""","gv-did-not-vote""","gv-did-not-vote""","gv-did-not-vote""","gv-did-not-vote""","gv-did-not-vote""","gv-did-not-vote"""
"Lab
","Ruth George
",49,"gv-for""","gv-for""","gv-for""","gv-did-not-vote""","gv-for""","gv-against""","gv-against""","gv-against"""
"SNP
","Stephen Gethins
",64,"gv-did-not-vote""","gv-for""","gv-did-not-vote""","gv-did-not-vote""","gv-for""","gv-against""","gv-against""","gv-against"""
"Con
","Nusrat Ghani
",47,"gv-against""","gv-against""","gv-against""","gv-against""","gv-against""","gv-for""","gv-against""","gv-against"""
"Con
","Nick Gibb
",35,"gv-against""","gv-against""","gv-against""","gv-did-not-vote""","gv-against""","gv-did-not-vote""","gv-against""","gv-did-not-vote"""
"SNP
","Patricia Gibson
",58,"gv-did-not-vote""","gv-for""","gv-did-not-vote""","gv-did-not-vote""","gv-for""","gv-against""","gv-against""","gv-against"""
"SF
","Michelle Gildernew
",59,"gv-did-not-vote""","gv-did-not-vote""","gv-did-not-vote""","gv-did-not-vote""","gv-did-not-vote""","gv-did-not-vote""","gv-did-not-vote""","gv-did-not-vote"""
"Lab
","Preet Kaur Gill
",53,"gv-for""","gv-for""","gv-for""","gv-did-not-vote""","gv-for""","gv-against""","gv-against""","gv-did-not-vote"""
"Con
","Dame Cheryl Gillan
",55,"gv-against""","gv-against""","gv-against""","gv-against""","gv-against""","gv-against""","gv-against""","gv-against"""
"DUP
","Paul Girvan
",59,"gv-against""","gv-against""","gv-against""","gv-did-not-vote""","gv-against""","gv-did-not-vote""","gv-for""","gv-did-not-vote"""
"Con
","John Glen
",50,"gv-against""","gv-against""","gv-against""","gv-against""","gv-against""","gv-against""","gv-against""","gv-against"""
"Lab
","Mary Glindon
",40,"gv-for""","gv-did-not-vote""","gv-for""","gv-for""","gv-did-not-vote""","gv-against""","gv-against""","gv-did-not-vote"""
"Lab
","Roger Godsiff
",66,"gv-for""","gv-for""","gv-for""","gv-for""","gv-for""","gv-against""","gv-against""","gv-against"""
"Con
","Zac Goldsmith
",71,"gv-against""","gv-against""","gv-against""","gv-against""","gv-against""","gv-for""","gv-for""","gv-against"""
"Lab
","Helen Goodman
",39,"gv-for""","gv-for""","gv-for""","gv-for""","gv-did-not-vote""","gv-against""","gv-against""","gv-against"""
"Con
","Robert Goodwill
",39,"gv-against""","gv-against""","gv-against""","gv-against""","gv-against""","gv-for""","gv-against""","gv-against"""
"Con
","Michael Gove
",48,"gv-did-not-vote""","gv-did-not-vote""","gv-did-not-vote""","gv-did-not-vote""","gv-did-not-vote""","gv-did-not-vote""","gv-did-not-vote""","gv-did-not-vote"""
"SNP
","Patrick Grady
",78,"gv-did-not-vote""","gv-for""","gv-did-not-vote""","gv-did-not-vote""","gv-for""","gv-against""","gv-did-not-vote""","gv-against"""
"Con
","Luke Graham
",61,"gv-against""","gv-against""","gv-against""","gv-against""","gv-against""","gv-against""","gv-did-not-vote""","gv-for"""
"Con
","Richard Graham
",41,"gv-did-not-vote""","gv-against""","gv-against""","gv-did-not-vote""","gv-against""","gv-against""","gv-against""","gv-did-not-vote"""
"Con
","Bill Grant
",56,"gv-against""","gv-against""","gv-against""","gv-against""","gv-against""","gv-against""","gv-against""","gv-for"""
"Con
","Helen Grant
",44,"gv-against""","gv-against""","gv-against""","gv-against""","gv-against""","gv-against""","gv-against""","gv-against"""
"SNP
","Peter Grant
",52,"gv-did-not-vote""","gv-for""","gv-did-not-vote""","gv-did-not-vote""","gv-for""","gv-against""","gv-against""","gv-against"""
"Con
","James Gray
",50,"gv-against""","gv-against""","gv-against""","gv-against""","gv-against""","gv-for""","gv-for""","gv-against"""
"SNP
","Neil Gray
",60,"gv-did-not-vote""","gv-for""","gv-did-not-vote""","gv-did-not-vote""","gv-for""","gv-against""","gv-against""","gv-against"""
"Con
","Chris Grayling
",52,"gv-did-not-vote""","gv-did-not-vote""","gv-did-not-vote""","gv-did-not-vote""","gv-did-not-vote""","gv-did-not-vote""","gv-did-not-vote""","gv-did-not-vote"""
"Con
","Chris Green
",44,"gv-against""","gv-against""","gv-against""","gv-against""","gv-against""","gv-for""","gv-for""","gv-against"""
"Con
","Damian Green
",40,"gv-for""","gv-against""","gv-against""","gv-against""","gv-against""","gv-against""","gv-did-not-vote""","gv-for"""
"Lab
","Kate Green
",51,"gv-for""","gv-for""","gv-for""","gv-did-not-vote""","gv-for""","gv-against""","gv-against""","gv-against"""
"Con
","Justine Greening
",72,"gv-did-not-vote""","gv-for""","gv-did-not-vote""","gv-did-not-vote""","gv-for""","gv-against""","gv-did-not-vote""","gv-did-not-vote"""
"Lab
","Lilian Greenwood
",53,"gv-for""","gv-for""","gv-for""","gv-did-not-vote""","gv-for""","gv-against""","gv-against""","gv-against"""
"Lab
","Margaret Greenwood
",55,"gv-for""","gv-for""","gv-for""","gv-did-not-vote""","gv-did-not-vote""","gv-against""","gv-against""","gv-did-not-vote"""
"Con
","Dominic Grieve
",51,"gv-did-not-vote""","gv-for""","gv-against""","gv-did-not-vote""","gv-for""","gv-against""","gv-against""","gv-against"""
"Lab
","Nia Griffith
",43,"gv-for""","gv-for""","gv-for""","gv-for""","gv-did-not-vote""","gv-against""","gv-against""","gv-did-not-vote"""
"Con
","Andrew Griffiths
",35,"gv-against""","gv-against""","gv-against""","gv-against""","gv-against""","gv-for""","gv-against""","gv-against"""
"Lab
","John Grogan
",47,"gv-for""","gv-for""","gv-for""","gv-for""","gv-for""","gv-against""","gv-against""","gv-did-not-vote"""
"Lab
","Andrew Gwynne
",39,"gv-for""","gv-did-not-vote""","gv-for""","gv-for""","gv-did-not-vote""","gv-against""","gv-against""","gv-did-not-vote"""
"Con
","Sam Gyimah
",46,"gv-did-not-vote""","gv-for""","gv-against""","gv-did-not-vote""","gv-did-not-vote""","gv-against""","gv-against""","gv-did-not-vote"""
"Lab
","Louise Haigh
",43,"gv-for""","gv-for""","gv-for""","gv-for""","gv-for""","gv-against""","gv-against""","gv-against"""
"Con
","Kirstene Hair
",52,"gv-against""","gv-against""","gv-against""","gv-against""","gv-against""","gv-did-not-vote""","gv-did-not-vote""","gv-against"""
"Con
","Robert Halfon
",32,"gv-against""","gv-against""","gv-against""","gv-for""","gv-against""","gv-against""","gv-did-not-vote""","gv-for"""
"Con
","Luke Hall
",48,"gv-against""","gv-against""","gv-against""","gv-against""","gv-against""","gv-against""","gv-against""","gv-against"""
"Lab
","Fabian Hamilton
",63,"gv-for""","gv-for""","gv-for""","gv-did-not-vote""","gv-for""","gv-against""","gv-against""","gv-against"""
"Con
","Philip Hammond
",50,"gv-did-not-vote""","gv-did-not-vote""","gv-did-not-vote""","gv-did-not-vote""","gv-did-not-vote""","gv-did-not-vote""","gv-did-not-vote""","gv-did-not-vote"""
"Con
","Stephen Hammond
",71,"gv-for""","gv-did-not-vote""","gv-against""","gv-for""","gv-for""","gv-against""","gv-against""","gv-for"""
"Con
","Matt Hancock
",37,"gv-did-not-vote""","gv-did-not-vote""","gv-did-not-vote""","gv-did-not-vote""","gv-did-not-vote""","gv-did-not-vote""","gv-did-not-vote""","gv-did-not-vote"""
"Con
","Greg Hands
",71,"gv-against""","gv-against""","gv-against""","gv-against""","gv-against""","gv-against""","gv-did-not-vote""","gv-against"""
"Lab
","David Hanson
",46,"gv-for""","gv-for""","gv-for""","gv-for""","gv-did-not-vote""","gv-against""","gv-against""","gv-against"""
"Lab
","Emma Hardy
",32,"gv-for""","gv-for""","gv-for""","gv-for""","gv-did-not-vote""","gv-against""","gv-against""","gv-did-not-vote"""
"Lab
","Harriet Harman
",69,"gv-for""","gv-for""","gv-for""","gv-for""","gv-for""","gv-against""","gv-against""","gv-against"""
"Con
","Mark Harper
",42,"gv-against""","gv-against""","gv-against""","gv-against""","gv-against""","gv-for""","gv-for""","gv-against"""
"Con
","Richard Harrington
",49,"gv-for""","gv-did-not-vote""","gv-against""","gv-for""","gv-for""","gv-against""","gv-against""","gv-did-not-vote"""
"Lab
","Carolyn Harris
",38,"gv-for""","gv-did-not-vote""","gv-for""","gv-for""","gv-did-not-vote""","gv-against""","gv-against""","gv-did-not-vote"""
"Con
","Rebecca Harris
",27,"gv-against""","gv-against""","gv-against""","gv-against""","gv-against""","gv-for""","gv-for""","gv-against"""
"Con
","Trudy Harrison
",41,"gv-against""","gv-against""","gv-against""","gv-against""","gv-against""","gv-for""","gv-against""","gv-for"""
"Con
","Simon Hart
",45,"gv-against""","gv-against""","gv-against""","gv-for""","gv-against""","gv-did-not-vote""","gv-did-not-vote""","gv-for"""
"Lab
","Helen Hayes
",77,"gv-for""","gv-for""","gv-for""","gv-did-not-vote""","gv-for""","gv-against""","gv-against""","gv-against"""
"Con
","Sir John Hayes
",29,"gv-against""","gv-against""","gv-against""","gv-against""","gv-against""","gv-for""","gv-for""","gv-against"""
"Lab
","Sue Hayman
",39,"gv-for""","gv-for""","gv-for""","gv-for""","gv-did-not-vote""","gv-against""","gv-against""","gv-did-not-vote"""
"SF
","Chris Hazzard
",67,"gv-did-not-vote""","gv-did-not-vote""","gv-did-not-vote""","gv-did-not-vote""","gv-did-not-vote""","gv-did-not-vote""","gv-did-not-vote""","gv-did-not-vote"""
"Con
","Sir Oliver Heald
",49,"gv-for""","gv-against""","gv-against""","gv-did-not-vote""","gv-against""","gv-against""","gv-against""","gv-did-not-vote"""
"Lab
","John Healey
",30,"gv-for""","gv-for""","gv-for""","gv-did-not-vote""","gv-did-not-vote""","gv-against""","gv-did-not-vote""","gv-did-not-vote"""
"Con
","James Heappey
",46,"gv-against""","gv-against""","gv-against""","gv-against""","gv-against""","gv-did-not-vote""","gv-did-not-vote""","gv-against"""
"Con
","Chris Heaton-Harris
",41,"gv-against""","gv-against""","gv-against""","gv-against""","gv-against""","gv-for""","gv-against""","gv-against"""
"Con
","Peter Heaton-Jones
",43,"gv-against""","gv-against""","gv-against""","gv-against""","gv-against""","gv-did-not-vote""","gv-against""","gv-against"""
"Con
","Gordon Henderson
",35,"gv-against""","gv-against""","gv-against""","gv-against""","gv-against""","gv-for""","gv-for""","gv-for"""
"Lab
","Sir Mark Hendrick
",44,"gv-for""","gv-for""","gv-for""","gv-for""","gv-for""","gv-against""","gv-against""","gv-for"""
"SNP
","Drew Hendry
",60,"gv-did-not-vote""","gv-for""","gv-did-not-vote""","gv-did-not-vote""","gv-for""","gv-against""","gv-against""","gv-against"""
"Lab
","Stephen Hepburn
",38,"gv-against""","gv-against""","gv-against""","gv-against""","gv-against""","gv-against""","gv-against""","gv-against"""
"Con
","Nick Herbert
",50,"gv-for""","gv-against""","gv-against""","gv-for""","gv-against""","gv-against""","gv-against""","gv-for"""
"Ind
","Lady Hermon
",52,"gv-against""","gv-for""","gv-against""","gv-against""","gv-for""","gv-against""","gv-against""","gv-against"""
"Lab
","Mike Hill
",30,"gv-for""","gv-against""","gv-for""","gv-did-not-vote""","gv-did-not-vote""","gv-against""","gv-against""","gv-did-not-vote"""
"Lab
","Meg Hillier
",77,"gv-for""","gv-for""","gv-for""","gv-did-not-vote""","gv-for""","gv-against""","gv-against""","gv-against"""
"Con
","Damian Hinds
",51,"gv-did-not-vote""","gv-did-not-vote""","gv-did-not-vote""","gv-did-not-vote""","gv-did-not-vote""","gv-did-not-vote""","gv-did-not-vote""","gv-did-not-vote"""
"Con
","Simon Hoare
",43,"gv-for""","gv-against""","gv-against""","gv-for""","gv-against""","gv-against""","gv-against""","gv-for"""
"LD
","Wera Hobhouse
",68,"gv-against""","gv-for""","gv-against""","gv-against""","gv-for""","gv-against""","gv-against""","gv-against"""
"Lab
","Dame Margaret Hodge
",40,"gv-for""","gv-for""","gv-for""","gv-did-not-vote""","gv-for""","gv-against""","gv-against""","gv-against"""
"Lab
","Sharon Hodgson
",38,"gv-for""","gv-for""","gv-for""","gv-for""","gv-did-not-vote""","gv-against""","gv-against""","gv-against"""
"Lab
","Kate Hoey
",78,"gv-against""","gv-against""","gv-did-not-vote""","gv-against""","gv-against""","gv-for""","gv-for""","gv-did-not-vote"""
"Lab
","Kate Hollern
",46,"gv-for""","gv-for""","gv-for""","gv-for""","gv-did-not-vote""","gv-did-not-vote""","gv-did-not-vote""","gv-did-not-vote"""
"Con
","George Hollingbery
",48,"gv-against""","gv-against""","gv-against""","gv-against""","gv-against""","gv-against""","gv-for""","gv-against"""
"Con
","Kevin Hollinrake
",44,"gv-against""","gv-against""","gv-against""","gv-for""","gv-against""","gv-against""","gv-against""","gv-for"""
"Con
","Philip Hollobone
",39,"gv-against""","gv-against""","gv-against""","gv-against""","gv-against""","gv-for""","gv-for""","gv-against"""
"Con
","Adam Holloway
",35,"gv-against""","gv-against""","gv-against""","gv-against""","gv-against""","gv-for""","gv-for""","gv-against"""
"Ind
","Kelvin Hopkins
",41,"gv-did-not-vote""","gv-did-not-vote""","gv-did-not-vote""","gv-did-not-vote""","gv-did-not-vote""","gv-did-not-vote""","gv-did-not-vote""","gv-did-not-vote"""
"SNP
","Stewart Hosie
",62,"gv-did-not-vote""","gv-for""","gv-did-not-vote""","gv-did-not-vote""","gv-for""","gv-against""","gv-against""","gv-against"""
"Lab
","George Howarth
",48,"gv-for""","gv-for""","gv-for""","gv-for""","gv-for""","gv-against""","gv-against""","gv-against"""
"Con
","John Howell
",57,"gv-against""","gv-did-not-vote""","gv-against""","gv-against""","gv-against""","gv-against""","gv-against""","gv-against"""
"Lab
","Sir Lindsay Hoyle
",43,"gv-did-not-vote""","gv-did-not-vote""","gv-did-not-vote""","gv-did-not-vote""","gv-did-not-vote""","gv-did-not-vote""","gv-did-not-vote""","gv-did-not-vote"""
"Con
","Nigel Huddleston
",41,"gv-did-not-vote""","gv-against""","gv-against""","gv-did-not-vote""","gv-against""","gv-did-not-vote""","gv-did-not-vote""","gv-did-not-vote"""
"Con
","Eddie Hughes
",26,"gv-against""","gv-against""","gv-against""","gv-against""","gv-against""","gv-for""","gv-for""","gv-against"""
"Con
","Jeremy Hunt
",59,"gv-did-not-vote""","gv-did-not-vote""","gv-did-not-vote""","gv-did-not-vote""","gv-did-not-vote""","gv-did-not-vote""","gv-did-not-vote""","gv-did-not-vote"""
"Lab
","Rupa Huq
",71,"gv-for""","gv-for""","gv-for""","gv-did-not-vote""","gv-for""","gv-against""","gv-against""","gv-against"""
"Con
","Nick Hurd
",51,"gv-did-not-vote""","gv-did-not-vote""","gv-against""","gv-did-not-vote""","gv-against""","gv-against""","gv-against""","gv-did-not-vote"""
"Lab
","Imran Hussain
",45,"gv-for""","gv-for""","gv-for""","gv-for""","gv-did-not-vote""","gv-against""","gv-against""","gv-did-not-vote"""
"Con
","Alister Jack
",55,"gv-against""","gv-against""","gv-against""","gv-against""","gv-against""","gv-against""","gv-for""","gv-against"""
"Con
","Margot James
",36,"gv-for""","gv-did-not-vote""","gv-against""","gv-for""","gv-did-not-vote""","gv-against""","gv-against""","gv-did-not-vote"""
"LD
","Christine Jardine
",71,"gv-did-not-vote""","gv-for""","gv-did-not-vote""","gv-did-not-vote""","gv-for""","gv-against""","gv-against""","gv-did-not-vote"""
"Lab
","Dan Jarvis
",32,"gv-for""","gv-against""","gv-for""","gv-for""","gv-did-not-vote""","gv-against""","gv-against""","gv-did-not-vote"""
"Con
","Sajid Javid
",45,"gv-did-not-vote""","gv-did-not-vote""","gv-did-not-vote""","gv-did-not-vote""","gv-did-not-vote""","gv-did-not-vote""","gv-did-not-vote""","gv-did-not-vote"""
"Con
","Ranil Jayawardena
",54,"gv-against""","gv-against""","gv-against""","gv-against""","gv-against""","gv-for""","gv-for""","gv-against"""
"Con
","Sir Bernard Jenkin
",41,"gv-against""","gv-against""","gv-against""","gv-against""","gv-against""","gv-for""","gv-for""","gv-against"""
"Con
","Andrea Jenkyns
",40,"gv-against""","gv-against""","gv-against""","gv-against""","gv-against""","gv-for""","gv-for""","gv-against"""
"Con
","Robert Jenrick
",44,"gv-against""","gv-against""","gv-against""","gv-against""","gv-against""","gv-for""","gv-against""","gv-against"""
"Con
","Boris Johnson
",43,"gv-against""","gv-against""","gv-against""","gv-against""","gv-against""","gv-for""","gv-for""","gv-against"""
"Con
","Caroline Johnson
",38,"gv-against""","gv-against""","gv-against""","gv-against""","gv-against""","gv-for""","gv-for""","gv-against"""
"Lab
","Diana Johnson
",40,"gv-for""","gv-for""","gv-for""","gv-for""","gv-did-not-vote""","gv-against""","gv-against""","gv-against"""
"Con
","Gareth Johnson
",36,"gv-against""","gv-against""","gv-against""","gv-against""","gv-against""","gv-for""","gv-for""","gv-against"""
"Con
","Joseph Johnson
",43,"gv-against""","gv-for""","gv-against""","gv-against""","gv-against""","gv-against""","gv-against""","gv-against"""
"Con
","Andrew Jones
",53,"gv-against""","gv-against""","gv-against""","gv-against""","gv-against""","gv-against""","gv-against""","gv-against"""
"Lab
","Darren Jones
",58,"gv-for""","gv-for""","gv-for""","gv-did-not-vote""","gv-for""","gv-against""","gv-against""","gv-against"""
"Con
","David Jones
",47,"gv-against""","gv-against""","gv-against""","gv-against""","gv-against""","gv-for""","gv-for""","gv-against"""
"Lab
","Gerald Jones
",42,"gv-for""","gv-for""","gv-for""","gv-for""","gv-did-not-vote""","gv-against""","gv-against""","gv-did-not-vote"""
"Lab
","Debbie Abrahams
",40,"gv-for""","gv-for""","gv-for""","gv-did-not-vote""","gv-did-not-vote""","gv-against""","gv-against""","gv-against"""
"Lab
","Helen Jones
",42,"gv-for""","gv-against""","gv-for""","gv-for""","gv-against""","gv-against""","gv-against""","gv-against"""
"Lab
","Kevan Jones
",40,"gv-for""","gv-against""","gv-for""","gv-against""","gv-did-not-vote""","gv-against""","gv-against""","gv-against"""
"Con
","Marcus Jones
",35,"gv-against""","gv-against""","gv-against""","gv-against""","gv-against""","gv-for""","gv-against""","gv-against"""
"Lab
","Sarah Jones
",50,"gv-for""","gv-for""","gv-for""","gv-for""","gv-for""","gv-against""","gv-against""","gv-did-not-vote"""
"Lab
","Susan Elan Jones
",40,"gv-for""","gv-for""","gv-for""","gv-did-not-vote""","gv-for""","gv-against""","gv-against""","gv-against"""
"Lab
","Mike Kane
",50,"gv-for""","gv-did-not-vote""","gv-for""","gv-for""","gv-did-not-vote""","gv-against""","gv-against""","gv-did-not-vote"""
"Con
","Daniel Kawczynski
",47,"gv-against""","gv-against""","gv-against""","gv-against""","gv-against""","gv-for""","gv-against""","gv-against"""
"Con
","Gillian Keegan
",49,"gv-against""","gv-against""","gv-against""","gv-against""","gv-against""","gv-against""","gv-against""","gv-did-not-vote"""
"Lab
","Barbara Keeley
",40,"gv-for""","gv-for""","gv-for""","gv-did-not-vote""","gv-did-not-vote""","gv-against""","gv-against""","gv-did-not-vote"""
"Lab
","Liz Kendall
",49,"gv-for""","gv-for""","gv-for""","gv-did-not-vote""","gv-for""","gv-against""","gv-against""","gv-against"""
"Con
","Seema Kennedy
",43,"gv-against""","gv-against""","gv-against""","gv-against""","gv-against""","gv-against""","gv-against""","gv-against"""
"Con
","Stephen Kerr
",68,"gv-against""","gv-against""","gv-against""","gv-against""","gv-against""","gv-against""","gv-against""","gv-for"""
"Lab
","Afzal Khan
",62,"gv-for""","gv-for""","gv-for""","gv-for""","gv-did-not-vote""","gv-against""","gv-against""","gv-did-not-vote"""
"Lab
","Ged Killen
",62,"gv-for""","gv-for""","gv-for""","gv-did-not-vote""","gv-for""","gv-against""","gv-against""","gv-against"""
"Lab
","Stephen Kinnock
",40,"gv-for""","gv-did-not-vote""","gv-for""","gv-for""","gv-did-not-vote""","gv-against""","gv-against""","gv-for"""
"Con
","Sir Greg Knight
",36,"gv-against""","gv-against""","gv-against""","gv-against""","gv-against""","gv-for""","gv-against""","gv-against"""
"Con
","Julian Knight
",47,"gv-against""","gv-against""","gv-against""","gv-against""","gv-against""","gv-did-not-vote""","gv-for""","gv-for"""
"Con
","Kwasi Kwarteng
",40,"gv-against""","gv-against""","gv-against""","gv-against""","gv-against""","gv-for""","gv-against""","gv-against"""
"Lab
","Peter Kyle
",67,"gv-for""","gv-for""","gv-for""","gv-for""","gv-for""","gv-against""","gv-against""","gv-against"""
"Con
","Dame Eleanor Laing
",39,"gv-did-not-vote""","gv-did-not-vote""","gv-did-not-vote""","gv-did-not-vote""","gv-did-not-vote""","gv-did-not-vote""","gv-did-not-vote""","gv-did-not-vote"""
"Lab
","Lesley Laird
",57,"gv-for""","gv-for""","gv-for""","gv-for""","gv-for""","gv-against""","gv-against""","gv-did-not-vote"""
"PC
","Ben Lake
",55,"gv-did-not-vote""","gv-for""","gv-did-not-vote""","gv-for""","gv-for""","gv-against""","gv-against""","gv-did-not-vote"""
"LD
","Norman Lamb
",42,"gv-for""","gv-for""","gv-did-not-vote""","gv-for""","gv-did-not-vote""","gv-against""","gv-against""","gv-did-not-vote"""
"Lab
","David Lammy
",76,"gv-did-not-vote""","gv-for""","gv-for""","gv-did-not-vote""","gv-for""","gv-against""","gv-against""","gv-against"""
"Con
","John Lamont
",57,"gv-against""","gv-against""","gv-against""","gv-against""","gv-against""","gv-did-not-vote""","gv-did-not-vote""","gv-against"""
"Con
","Mark Lancaster
",50,"gv-against""","gv-against""","gv-against""","gv-against""","gv-against""","gv-for""","gv-for""","gv-against"""
"Con
","Pauline Latham
",47,"gv-against""","gv-against""","gv-against""","gv-against""","gv-against""","gv-did-not-vote""","gv-for""","gv-against"""
"Lab
","Ian Lavery
",44,"gv-for""","gv-did-not-vote""","gv-for""","gv-for""","gv-did-not-vote""","gv-against""","gv-for""","gv-did-not-vote"""
"SNP
","Chris Law
",59,"gv-did-not-vote""","gv-for""","gv-did-not-vote""","gv-did-not-vote""","gv-for""","gv-against""","gv-against""","gv-against"""
"Con
","Andrea Leadsom
",47,"gv-did-not-vote""","gv-did-not-vote""","gv-did-not-vote""","gv-did-not-vote""","gv-did-not-vote""","gv-did-not-vote""","gv-did-not-vote""","gv-did-not-vote"""
"Lab
","Karen Lee
",43,"gv-for""","gv-for""","gv-for""","gv-against""","gv-did-not-vote""","gv-against""","gv-against""","gv-did-not-vote"""
"Con
","Phillip Lee
",47,"gv-against""","gv-for""","gv-against""","gv-against""","gv-for""","gv-against""","gv-against""","gv-against"""
"Con
","Jeremy Lefroy
",43,"gv-for""","gv-did-not-vote""","gv-did-not-vote""","gv-for""","gv-did-not-vote""","gv-against""","gv-did-not-vote""","gv-for"""
"Con
","Sir Edward Leigh
",38,"gv-against""","gv-against""","gv-against""","gv-against""","gv-against""","gv-for""","gv-for""","gv-against"""
"TIG
","Chris Leslie
",57,"gv-against""","gv-for""","gv-against""","gv-against""","gv-for""","gv-against""","gv-against""","gv-against"""
"Con
","Sir Oliver Letwin
",49,"gv-for""","gv-against""","gv-against""","gv-for""","gv-against""","gv-against""","gv-against""","gv-for"""
"Lab
","Emma Lewell-Buck
",38,"gv-for""","gv-against""","gv-for""","gv-did-not-vote""","gv-did-not-vote""","gv-against""","gv-against""","gv-did-not-vote"""
"Con
","Andrew Lewer
",41,"gv-against""","gv-against""","gv-against""","gv-against""","gv-against""","gv-for""","gv-for""","gv-against"""
"Con
","Brandon Lewis
",28,"gv-did-not-vote""","gv-did-not-vote""","gv-did-not-vote""","gv-did-not-vote""","gv-did-not-vote""","gv-did-not-vote""","gv-did-not-vote""","gv-did-not-vote"""
"Lab
","Clive Lewis
",60,"gv-for""","gv-for""","gv-for""","gv-against""","gv-for""","gv-against""","gv-against""","gv-against"""
"Ind
","Ivan Lewis
",45,"gv-for""","gv-against""","gv-for""","gv-for""","gv-did-not-vote""","gv-against""","gv-against""","gv-against"""
"Con
","Julian Lewis
",40,"gv-against""","gv-against""","gv-against""","gv-against""","gv-against""","gv-for""","gv-for""","gv-against"""
"Con
","Ian Liddell-Grainger
",38,"gv-against""","gv-against""","gv-against""","gv-against""","gv-against""","gv-for""","gv-against""","gv-against"""
"Con
","David Lidington
",48,"gv-did-not-vote""","gv-did-not-vote""","gv-did-not-vote""","gv-did-not-vote""","gv-did-not-vote""","gv-did-not-vote""","gv-did-not-vote""","gv-did-not-vote"""
"SNP
","David Linden
",56,"gv-did-not-vote""","gv-for""","gv-did-not-vote""","gv-did-not-vote""","gv-for""","gv-against""","gv-against""","gv-against"""
"DUP
","Emma Little Pengelly
",70,"gv-against""","gv-against""","gv-against""","gv-did-not-vote""","gv-against""","gv-did-not-vote""","gv-for""","gv-did-not-vote"""
"Ind
","Stephen Lloyd
",43,"gv-for""","gv-did-not-vote""","gv-for""","gv-for""","gv-for""","gv-against""","gv-against""","gv-for"""
"Lab
","Tony Lloyd
",43,"gv-for""","gv-for""","gv-for""","gv-for""","gv-did-not-vote""","gv-against""","gv-against""","gv-against"""
"Lab
","Rebecca Long Bailey
",46,"gv-for""","gv-for""","gv-for""","gv-for""","gv-did-not-vote""","gv-against""","gv-against""","gv-did-not-vote"""
"Con
","Julia Lopez
",30,"gv-against""","gv-against""","gv-against""","gv-against""","gv-against""","gv-for""","gv-for""","gv-against"""
"Con
","Jack Lopresti
",51,"gv-against""","gv-against""","gv-against""","gv-against""","gv-against""","gv-for""","gv-against""","gv-against"""
"Con
","Jonathan Lord
",56,"gv-against""","gv-against""","gv-against""","gv-against""","gv-against""","gv-for""","gv-for""","gv-against"""
"Con
","Tim Loughton
",46,"gv-against""","gv-against""","gv-against""","gv-against""","gv-against""","gv-for""","gv-for""","gv-against"""
"Grn
","Caroline Lucas
",74,"gv-against""","gv-for""","gv-against""","gv-against""","gv-for""","gv-against""","gv-against""","gv-against"""
"Lab
","Ian C. Lucas
",42,"gv-for""","gv-for""","gv-for""","gv-for""","gv-against""","gv-against""","gv-against""","gv-against"""
"Lab
","Holly Lynch
",41,"gv-for""","gv-for""","gv-for""","gv-for""","gv-did-not-vote""","gv-against""","gv-against""","gv-did-not-vote"""
"Lab
","Steve McCabe
",53,"gv-for""","gv-for""","gv-for""","gv-for""","gv-did-not-vote""","gv-against""","gv-against""","gv-did-not-vote"""
"SF
","Elisha McCallion
",78,"gv-did-not-vote""","gv-did-not-vote""","gv-did-not-vote""","gv-did-not-vote""","gv-did-not-vote""","gv-did-not-vote""","gv-did-not-vote""","gv-did-not-vote"""
"Lab
","Kerry McCarthy
",53,"gv-for""","gv-for""","gv-for""","gv-against""","gv-for""","gv-against""","gv-against""","gv-against"""
"Lab
","Siobhain McDonagh
",55,"gv-against""","gv-for""","gv-against""","gv-against""","gv-for""","gv-against""","gv-against""","gv-against"""
"Lab
","Andy McDonald
",34,"gv-for""","gv-for""","gv-for""","gv-for""","gv-did-not-vote""","gv-against""","gv-did-not-vote""","gv-did-not-vote"""
"SNP
","Stewart Malcolm McDonald
",72,"gv-did-not-vote""","gv-for""","gv-did-not-vote""","gv-did-not-vote""","gv-for""","gv-against""","gv-against""","gv-against"""
"SNP
","Stuart C. McDonald
",63,"gv-did-not-vote""","gv-for""","gv-did-not-vote""","gv-did-not-vote""","gv-for""","gv-against""","gv-against""","gv-against"""
"Lab
","John McDonnell
",42,"gv-for""","gv-for""","gv-for""","gv-for""","gv-did-not-vote""","gv-against""","gv-against""","gv-did-not-vote"""
"Lab
","Pat McFadden
",32,"gv-for""","gv-for""","gv-for""","gv-did-not-vote""","gv-did-not-vote""","gv-against""","gv-against""","gv-against"""
"Lab
","Conor McGinn
",42,"gv-for""","gv-for""","gv-for""","gv-for""","gv-did-not-vote""","gv-against""","gv-against""","gv-did-not-vote"""
"Lab
","Alison McGovern
",53,"gv-for""","gv-for""","gv-for""","gv-did-not-vote""","gv-did-not-vote""","gv-against""","gv-against""","gv-against"""
"Lab
","Liz McInnes
",38,"gv-for""","gv-did-not-vote""","gv-for""","gv-for""","gv-did-not-vote""","gv-against""","gv-against""","gv-did-not-vote"""
"Con
","Craig Mackinlay
",38,"gv-against""","gv-against""","gv-against""","gv-against""","gv-against""","gv-for""","gv-for""","gv-against"""
"Lab
","Catherine McKinnell
",43,"gv-for""","gv-for""","gv-for""","gv-did-not-vote""","gv-for""","gv-against""","gv-against""","gv-against"""
"Con
","Rachel Maclean
",39,"gv-against""","gv-against""","gv-against""","gv-against""","gv-against""","gv-for""","gv-for""","gv-against"""
"Con
","Sir Patrick McLoughlin
",49,"gv-against""","gv-against""","gv-against""","gv-against""","gv-against""","gv-against""","gv-against""","gv-against"""
"Lab
","Jim McMahon
",39,"gv-for""","gv-did-not-vote""","gv-for""","gv-for""","gv-did-not-vote""","gv-against""","gv-against""","gv-did-not-vote"""
"Lab
","Anna McMorrin
",61,"gv-against""","gv-for""","gv-for""","gv-against""","gv-for""","gv-against""","gv-against""","gv-against"""
"SNP
","John McNally
",58,"gv-did-not-vote""","gv-did-not-vote""","gv-did-not-vote""","gv-did-not-vote""","gv-did-not-vote""","gv-did-not-vote""","gv-did-not-vote""","gv-did-not-vote"""
"SNP
","Angus Brendan MacNeil
",55,"gv-did-not-vote""","gv-did-not-vote""","gv-did-not-vote""","gv-did-not-vote""","gv-for""","gv-against""","gv-against""","gv-against"""
"Con
","Stephen McPartland
",43,"gv-against""","gv-against""","gv-against""","gv-against""","gv-against""","gv-for""","gv-for""","gv-against"""
"Con
","Esther McVey
",54,"gv-against""","gv-against""","gv-against""","gv-against""","gv-against""","gv-for""","gv-for""","gv-against"""
"Lab
","Justin Madders
",42,"gv-for""","gv-against""","gv-for""","gv-for""","gv-did-not-vote""","gv-against""","gv-against""","gv-against"""
"Lab
","Khalid Mahmood
",49,"gv-for""","gv-for""","gv-for""","gv-for""","gv-did-not-vote""","gv-against""","gv-against""","gv-did-not-vote"""
"Lab
","Shabana Mahmood
",64,"gv-for""","gv-for""","gv-for""","gv-for""","gv-for""","gv-against""","gv-against""","gv-against"""
"Con
","Anne Main
",62,"gv-against""","gv-against""","gv-against""","gv-against""","gv-against""","gv-for""","gv-for""","gv-against"""
"Con
","Alan Mak
",37,"gv-against""","gv-against""","gv-against""","gv-against""","gv-against""","gv-for""","gv-for""","gv-against"""
"Lab
","Seema Malhotra
",44,"gv-for""","gv-for""","gv-for""","gv-for""","gv-did-not-vote""","gv-against""","gv-against""","gv-against"""
"Con
","Kit Malthouse
",45,"gv-against""","gv-against""","gv-against""","gv-against""","gv-against""","gv-for""","gv-for""","gv-against"""
"Lab
","John Mann
",32,"gv-against""","gv-against""","gv-for""","gv-against""","gv-against""","gv-against""","gv-against""","gv-against"""
"Con
","Scott Mann
",40,"gv-against""","gv-against""","gv-against""","gv-against""","gv-against""","gv-for""","gv-for""","gv-for"""
"Lab
","Gordon Marsden
",32,"gv-for""","gv-for""","gv-for""","gv-for""","gv-against""","gv-against""","gv-against""","gv-against"""
"Lab
","Sandy Martin
",44,"gv-for""","gv-for""","gv-for""","gv-for""","gv-for""","gv-against""","gv-against""","gv-against"""
"Lab
","Rachael Maskell
",61,"gv-for""","gv-for""","gv-for""","gv-against""","gv-for""","gv-against""","gv-against""","gv-against"""
"SF
","Paul Maskey
",74,"gv-did-not-vote""","gv-did-not-vote""","gv-did-not-vote""","gv-did-not-vote""","gv-did-not-vote""","gv-did-not-vote""","gv-did-not-vote""","gv-did-not-vote"""
"Con
","Paul Masterton
",74,"gv-for""","gv-against""","gv-against""","gv-for""","gv-did-not-vote""","gv-against""","gv-against""","gv-for"""
"Lab
","Christian Matheson
",58,"gv-for""","gv-for""","gv-for""","gv-against""","gv-for""","gv-against""","gv-against""","gv-against"""
"Con
","Theresa May
",55,"gv-did-not-vote""","gv-did-not-vote""","gv-did-not-vote""","gv-did-not-vote""","gv-did-not-vote""","gv-did-not-vote""","gv-did-not-vote""","gv-did-not-vote"""
"Con
","Paul Maynard
",33,"gv-against""","gv-against""","gv-against""","gv-against""","gv-against""","gv-for""","gv-for""","gv-against"""
"Lab
","Ian Mearns
",44,"gv-for""","gv-did-not-vote""","gv-for""","gv-for""","gv-did-not-vote""","gv-against""","gv-against""","gv-did-not-vote"""
"Con
","Mark Menzies
",43,"gv-against""","gv-against""","gv-against""","gv-against""","gv-against""","gv-for""","gv-against""","gv-against"""
"Con
","Johnny Mercer
",34,"gv-against""","gv-against""","gv-against""","gv-against""","gv-against""","gv-for""","gv-against""","gv-against"""
"Con
","Huw Merriman
",42,"gv-against""","gv-for""","gv-against""","gv-against""","gv-against""","gv-for""","gv-against""","gv-against"""
"Con
","Stephen Metcalfe
",27,"gv-against""","gv-against""","gv-against""","gv-against""","gv-against""","gv-for""","gv-for""","gv-against"""
"Lab
","Edward Miliband
",28,"gv-for""","gv-for""","gv-for""","gv-for""","gv-did-not-vote""","gv-against""","gv-against""","gv-did-not-vote"""
"Con
","Maria Miller
",46,"gv-against""","gv-against""","gv-against""","gv-against""","gv-against""","gv-for""","gv-for""","gv-against"""
"Con
","Amanda Milling
",31,"gv-against""","gv-against""","gv-against""","gv-against""","gv-against""","gv-for""","gv-did-not-vote""","gv-against"""
"Con
","Nigel Mills
",35,"gv-against""","gv-against""","gv-against""","gv-against""","gv-against""","gv-for""","gv-for""","gv-against"""
"Con
","Anne Milton
",59,"gv-for""","gv-did-not-vote""","gv-against""","gv-did-not-vote""","gv-did-not-vote""","gv-against""","gv-against""","gv-did-not-vote"""
"Con
","Andrew Mitchell
",48,"gv-for""","gv-against""","gv-against""","gv-did-not-vote""","gv-against""","gv-for""","gv-for""","gv-did-not-vote"""
"SF
","Francie Molloy
",60,"gv-did-not-vote""","gv-did-not-vote""","gv-did-not-vote""","gv-did-not-vote""","gv-did-not-vote""","gv-did-not-vote""","gv-did-not-vote""","gv-did-not-vote"""
"SNP
","Carol Monaghan
",69,"gv-did-not-vote""","gv-for""","gv-did-not-vote""","gv-did-not-vote""","gv-for""","gv-against""","gv-against""","gv-against"""
"Lab
","Madeleine Moon
",50,"gv-for""","gv-for""","gv-for""","gv-against""","gv-for""","gv-against""","gv-against""","gv-against"""
"Con
","Damien Moore
",54,"gv-against""","gv-against""","gv-against""","gv-against""","gv-against""","gv-against""","gv-against""","gv-against"""
"LD
","Layla Moran
",62,"gv-did-not-vote""","gv-for""","gv-did-not-vote""","gv-did-not-vote""","gv-for""","gv-against""","gv-against""","gv-did-not-vote"""
"Con
","Penny Mordaunt
",36,"gv-did-not-vote""","gv-did-not-vote""","gv-did-not-vote""","gv-did-not-vote""","gv-did-not-vote""","gv-did-not-vote""","gv-did-not-vote""","gv-did-not-vote"""
"Lab
","Jessica Morden
",41,"gv-for""","gv-for""","gv-for""","gv-did-not-vote""","gv-did-not-vote""","gv-against""","gv-against""","gv-did-not-vote"""
"Con
","Nicky Morgan
",50,"gv-for""","gv-against""","gv-against""","gv-for""","gv-against""","gv-against""","gv-against""","gv-for"""
"Lab
","Stephen Morgan
",48,"gv-for""","gv-for""","gv-for""","gv-against""","gv-for""","gv-against""","gv-against""","gv-against"""
"Con
","Anne Marie Morris
",44,"gv-against""","gv-against""","gv-against""","gv-against""","gv-against""","gv-for""","gv-against""","gv-against"""
"Con
","David Morris
",42,"gv-against""","gv-against""","gv-against""","gv-against""","gv-against""","gv-against""","gv-against""","gv-against"""
"Lab
","Grahame Morris
",34,"gv-against""","gv-against""","gv-for""","gv-against""","gv-against""","gv-against""","gv-against""","gv-against"""
"Con
","James Morris
",33,"gv-against""","gv-against""","gv-against""","gv-against""","gv-against""","gv-for""","gv-against""","gv-against"""
"Con
","Wendy Morton
",32,"gv-against""","gv-against""","gv-against""","gv-against""","gv-against""","gv-for""","gv-against""","gv-against"""
"Con
","David Mundell
",55,"gv-did-not-vote""","gv-did-not-vote""","gv-did-not-vote""","gv-did-not-vote""","gv-did-not-vote""","gv-did-not-vote""","gv-did-not-vote""","gv-did-not-vote"""
"Lab
","Ian Murray
",78,"gv-for""","gv-for""","gv-did-not-vote""","gv-for""","gv-for""","gv-against""","gv-against""","gv-against"""
"Con
","Sheryll Murray
",45,"gv-against""","gv-against""","gv-against""","gv-against""","gv-against""","gv-for""","gv-for""","gv-against"""
"Con
","Andrew Murrison
",43,"gv-against""","gv-against""","gv-against""","gv-against""","gv-against""","gv-for""","gv-did-not-vote""","gv-did-not-vote"""
"Lab
","Lisa Nandy
",37,"gv-for""","gv-did-not-vote""","gv-for""","gv-for""","gv-for""","gv-against""","gv-did-not-vote""","gv-did-not-vote"""
"Con
","Robert Neill
",50,"gv-for""","gv-against""","gv-against""","gv-for""","gv-against""","gv-against""","gv-against""","gv-for"""
"SNP
","Gavin Newlands
",65,"gv-did-not-vote""","gv-for""","gv-did-not-vote""","gv-did-not-vote""","gv-for""","gv-against""","gv-against""","gv-against"""
"Con
","Sarah Newton
",54,"gv-for""","gv-did-not-vote""","gv-against""","gv-did-not-vote""","gv-did-not-vote""","gv-against""","gv-against""","gv-for"""
"Con
","Caroline Nokes
",54,"gv-did-not-vote""","gv-did-not-vote""","gv-did-not-vote""","gv-did-not-vote""","gv-did-not-vote""","gv-did-not-vote""","gv-did-not-vote""","gv-did-not-vote"""
"Con
","Jesse Norman
",40,"gv-against""","gv-against""","gv-against""","gv-against""","gv-against""","gv-against""","gv-against""","gv-against"""
"Lab
","Alex Norris
",36,"gv-for""","gv-for""","gv-for""","gv-for""","gv-did-not-vote""","gv-against""","gv-against""","gv-did-not-vote"""
"Con
","Neil O'Brien
",48,"gv-against""","gv-against""","gv-against""","gv-against""","gv-against""","gv-for""","gv-did-not-vote""","gv-against"""
"Con
","Matthew Offord
",58,"gv-against""","gv-against""","gv-against""","gv-against""","gv-against""","gv-for""","gv-for""","gv-against"""
"SNP
","Brendan O'Hara
",61,"gv-did-not-vote""","gv-for""","gv-did-not-vote""","gv-did-not-vote""","gv-for""","gv-against""","gv-against""","gv-against"""
"Ind
","Jared O'Mara
",66,"gv-did-not-vote""","gv-did-not-vote""","gv-did-not-vote""","gv-did-not-vote""","gv-did-not-vote""","gv-did-not-vote""","gv-did-not-vote""","gv-did-not-vote"""
"Ind
","Fiona Onasanya
",37,"gv-against""","gv-for""","gv-did-not-vote""","gv-for""","gv-did-not-vote""","gv-against""","gv-against""","gv-against"""
"Lab
","Melanie Onn
",29,"gv-for""","gv-against""","gv-for""","gv-for""","gv-did-not-vote""","gv-against""","gv-did-not-vote""","gv-did-not-vote"""
"Lab
","Chi Onwurah
",52,"gv-for""","gv-for""","gv-for""","gv-for""","gv-for""","gv-against""","gv-against""","gv-against"""
"Con
","Guy Opperman
",55,"gv-against""","gv-against""","gv-against""","gv-against""","gv-against""","gv-against""","gv-against""","gv-against"""
"Lab
","Kate Osamor
",54,"gv-for""","gv-for""","gv-for""","gv-against""","gv-for""","gv-against""","gv-against""","gv-against"""
"Lab
","Albert Owen
","--
","gv-for""","gv-for""","gv-for""","gv-for""","gv-for""","gv-against""","gv-against""","gv-did-not-vote"""
"DUP
","Ian Paisley
",38,"gv-against""","gv-against""","gv-against""","gv-did-not-vote""","gv-against""","gv-did-not-vote""","gv-for""","gv-did-not-vote"""
"Con
","Neil Parish
",42,"gv-against""","gv-against""","gv-against""","gv-did-not-vote""","gv-against""","gv-for""","gv-for""","gv-for"""
"Con
","Priti Patel
",39,"gv-against""","gv-against""","gv-against""","gv-against""","gv-against""","gv-for""","gv-for""","gv-against"""
"Con
","Owen Paterson
",40,"gv-against""","gv-against""","gv-against""","gv-against""","gv-against""","gv-for""","gv-for""","gv-against"""
"Con
","Mark Pawsey
",41,"gv-for""","gv-against""","gv-against""","gv-for""","gv-against""","gv-against""","gv-against""","gv-for"""
"Lab
","Stephanie Peacock
",29,"gv-for""","gv-against""","gv-for""","gv-for""","gv-did-not-vote""","gv-against""","gv-against""","gv-did-not-vote"""
"Lab
","Teresa Pearce
",45,"gv-for""","gv-for""","gv-for""","gv-did-not-vote""","gv-did-not-vote""","gv-against""","gv-against""","gv-did-not-vote"""
"Con
","Sir Mike Penning
",44,"gv-against""","gv-against""","gv-against""","gv-against""","gv-against""","gv-for""","gv-against""","gv-against"""
"Lab
","Matthew Pennycook
",64,"gv-for""","gv-for""","gv-for""","gv-for""","gv-for""","gv-against""","gv-against""","gv-against"""
"Con
","John Penrose
","--
","gv-against""","gv-against""","gv-against""","gv-for""","gv-against""","gv-for""","gv-for""","gv-for"""
"Con
","Andrew Percy
",34,"gv-against""","gv-against""","gv-against""","gv-for""","gv-against""","gv-for""","gv-for""","gv-for"""
"Lab
","Toby Perkins
",41,"gv-for""","gv-for""","gv-for""","gv-for""","gv-against""","gv-against""","gv-against""","gv-against"""
"Con
","Claire Perry
",46,"gv-did-not-vote""","gv-did-not-vote""","gv-did-not-vote""","gv-did-not-vote""","gv-did-not-vote""","gv-did-not-vote""","gv-did-not-vote""","gv-did-not-vote"""
"Lab
","Jess Phillips
",40,"gv-for""","gv-for""","gv-for""","gv-for""","gv-for""","gv-against""","gv-against""","gv-against"""
"Lab
","Bridget Phillipson
",38,"gv-for""","gv-for""","gv-for""","gv-did-not-vote""","gv-did-not-vote""","gv-against""","gv-against""","gv-against"""
"Con
","Chris Philp
",54,"gv-against""","gv-against""","gv-against""","gv-against""","gv-against""","gv-did-not-vote""","gv-for""","gv-against"""
"Lab
","Laura Pidcock
",45,"gv-for""","gv-for""","gv-for""","gv-for""","gv-did-not-vote""","gv-against""","gv-against""","gv-did-not-vote"""
"Con
","Christopher Pincher
",34,"gv-against""","gv-against""","gv-against""","gv-against""","gv-against""","gv-for""","gv-for""","gv-against"""
"Lab
","Jo Platt
",37,"gv-for""","gv-did-not-vote""","gv-for""","gv-for""","gv-did-not-vote""","gv-against""","gv-against""","gv-did-not-vote"""
"Lab
","Luke Pollard
",46,"gv-for""","gv-for""","gv-for""","gv-for""","gv-for""","gv-against""","gv-against""","gv-against"""
"Con
","Dan Poulter
",45,"gv-against""","gv-against""","gv-against""","gv-against""","gv-against""","gv-for""","gv-against""","gv-for"""
"Lab
","Stephen Pound
",54,"gv-for""","gv-for""","gv-for""","gv-for""","gv-did-not-vote""","gv-against""","gv-against""","gv-did-not-vote"""
"Con
","Rebecca Pow
",47,"gv-against""","gv-against""","gv-against""","gv-for""","gv-against""","gv-against""","gv-against""","gv-for"""
"Lab
","Lucy Powell
",64,"gv-for""","gv-for""","gv-for""","gv-for""","gv-did-not-vote""","gv-against""","gv-against""","gv-did-not-vote"""
"Con
","Victoria Prentis
",50,"gv-for""","gv-against""","gv-against""","gv-did-not-vote""","gv-against""","gv-against""","gv-against""","gv-did-not-vote"""
"Con
","Mark Prisk
",51,"gv-against""","gv-against""","gv-against""","gv-against""","gv-against""","gv-against""","gv-against""","gv-for"""
"Con
","Mark Pritchard
",41,"gv-against""","gv-against""","gv-against""","gv-against""","gv-against""","gv-for""","gv-against""","gv-against"""
"Con
","Tom Pursglove
",40,"gv-against""","gv-against""","gv-against""","gv-against""","gv-against""","gv-for""","gv-for""","gv-against"""
"Con
","Jeremy Quin
",51,"gv-against""","gv-against""","gv-against""","gv-against""","gv-against""","gv-against""","gv-against""","gv-against"""
"Con
","Will Quince
",48,"gv-against""","gv-against""","gv-against""","gv-against""","gv-against""","gv-for""","gv-for""","gv-against"""
"Lab
","Yasmin Qureshi
",37,"gv-for""","gv-for""","gv-for""","gv-for""","gv-did-not-vote""","gv-against""","gv-against""","gv-did-not-vote"""
"Con
","Dominic Raab
",58,"gv-against""","gv-against""","gv-against""","gv-against""","gv-against""","gv-for""","gv-for""","gv-against"""
"Lab
","Faisal Rashid
",49,"gv-for""","gv-for""","gv-for""","gv-for""","gv-for""","gv-against""","gv-against""","gv-did-not-vote"""
"Lab
","Angela Rayner
",38,"gv-for""","gv-for""","gv-for""","gv-for""","gv-did-not-vote""","gv-against""","gv-against""","gv-did-not-vote"""
"Con
","John Redwood
",57,"gv-against""","gv-against""","gv-against""","gv-against""","gv-against""","gv-for""","gv-against""","gv-against"""
"Lab
","Steve Reed
",59,"gv-for""","gv-for""","gv-for""","gv-for""","gv-for""","gv-against""","gv-against""","gv-did-not-vote"""
"Lab
","Christina Rees
",46,"gv-for""","gv-for""","gv-for""","gv-for""","gv-did-not-vote""","gv-against""","gv-against""","gv-did-not-vote"""
"Con
","Jacob Rees-Mogg
",48,"gv-against""","gv-against""","gv-against""","gv-against""","gv-against""","gv-for""","gv-for""","gv-against"""
"Lab
","Ellie Reeves
",65,"gv-for""","gv-for""","gv-for""","gv-did-not-vote""","gv-for""","gv-against""","gv-against""","gv-against"""
"Lab
","Rachel Reeves
",47,"gv-for""","gv-for""","gv-for""","gv-for""","gv-for""","gv-against""","gv-against""","gv-against"""
"Lab
","Emma Reynolds
",32,"gv-for""","gv-for""","gv-for""","gv-for""","gv-did-not-vote""","gv-against""","gv-against""","gv-against"""
"Lab
","Jonathan Reynolds
",41,"gv-for""","gv-for""","gv-for""","gv-for""","gv-did-not-vote""","gv-against""","gv-against""","gv-did-not-vote"""
"Lab
","Marie Rimmer
",44,"gv-for""","gv-for""","gv-for""","gv-for""","gv-for""","gv-against""","gv-against""","gv-against"""
"Con
","Laurence Robertson
",46,"gv-against""","gv-against""","gv-against""","gv-against""","gv-against""","gv-for""","gv-for""","gv-against"""
"DUP
","Gavin Robinson
",48,"gv-against""","gv-against""","gv-against""","gv-did-not-vote""","gv-against""","gv-did-not-vote""","gv-for""","gv-did-not-vote"""
"Lab
","Geoffrey Robinson
",42,"gv-for""","gv-for""","gv-for""","gv-for""","gv-against""","gv-against""","gv-against""","gv-did-not-vote"""
"Con
","Mary Robinson
",57,"gv-against""","gv-against""","gv-against""","gv-against""","gv-against""","gv-against""","gv-against""","gv-against"""
"Lab
","Matt Rodda
",62,"gv-for""","gv-for""","gv-for""","gv-for""","gv-for""","gv-against""","gv-against""","gv-did-not-vote"""
"Con
","Andrew Rosindell
",31,"gv-against""","gv-against""","gv-against""","gv-against""","gv-against""","gv-for""","gv-for""","gv-against"""
"Con
","Douglas Ross
",50,"gv-against""","gv-against""","gv-against""","gv-against""","gv-against""","gv-did-not-vote""","gv-did-not-vote""","gv-against"""
"Lab
","Danielle Rowley
",62,"gv-for""","gv-for""","gv-for""","gv-for""","gv-for""","gv-against""","gv-against""","gv-did-not-vote"""
"Con
","Lee Rowley
",38,"gv-against""","gv-against""","gv-against""","gv-against""","gv-against""","gv-for""","gv-for""","gv-against"""
"Lab
","Chris Ruane
",43,"gv-for""","gv-for""","gv-for""","gv-for""","gv-did-not-vote""","gv-against""","gv-against""","gv-against"""
"Con
","Amber Rudd
",44,"gv-did-not-vote""","gv-did-not-vote""","gv-did-not-vote""","gv-did-not-vote""","gv-did-not-vote""","gv-did-not-vote""","gv-did-not-vote""","gv-did-not-vote"""
"Lab
","Lloyd Russell-Moyle
",56,"gv-for""","gv-for""","gv-for""","gv-against""","gv-for""","gv-against""","gv-against""","gv-against"""
"Con
","David Rutley
",53,"gv-did-not-vote""","gv-did-not-vote""","gv-did-not-vote""","gv-did-not-vote""","gv-did-not-vote""","gv-did-not-vote""","gv-did-not-vote""","gv-did-not-vote"""
"TIG
","Joan Ryan
",51,"gv-did-not-vote""","gv-for""","gv-against""","gv-against""","gv-for""","gv-against""","gv-against""","gv-against"""
"Con
","Antoinette Sandbach
",48,"gv-for""","gv-for""","gv-against""","gv-for""","gv-did-not-vote""","gv-against""","gv-against""","gv-for"""
"PC
","Liz Saville Roberts
",53,"gv-did-not-vote""","gv-for""","gv-did-not-vote""","gv-for""","gv-for""","gv-against""","gv-against""","gv-did-not-vote"""
"Con
","Paul Scully
",49,"gv-against""","gv-against""","gv-against""","gv-against""","gv-against""","gv-for""","gv-for""","gv-against"""
"Con
","Bob Seely
",38,"gv-against""","gv-against""","gv-against""","gv-against""","gv-against""","gv-for""","gv-against""","gv-against"""
"Con
","Andrew Selous
",42,"gv-against""","gv-against""","gv-against""","gv-against""","gv-against""","gv-did-not-vote""","gv-did-not-vote""","gv-against"""
"Lab
","Naz Shah
",53,"gv-for""","gv-for""","gv-for""","gv-for""","gv-did-not-vote""","gv-against""","gv-against""","gv-did-not-vote"""
"DUP
","Jim Shannon
",44,"gv-against""","gv-against""","gv-against""","gv-did-not-vote""","gv-against""","gv-against""","gv-for""","gv-did-not-vote"""
"Con
","Grant Shapps
",47,"gv-against""","gv-against""","gv-against""","gv-against""","gv-against""","gv-for""","gv-for""","gv-against"""
"Con
","Alok Sharma
",48,"gv-against""","gv-against""","gv-against""","gv-against""","gv-against""","gv-against""","gv-against""","gv-against"""
"Lab
","Virendra Sharma
",58,"gv-for""","gv-for""","gv-for""","gv-for""","gv-for""","gv-against""","gv-against""","gv-against"""
"Lab
","Barry Sheerman
",48,"gv-for""","gv-for""","gv-for""","gv-did-not-vote""","gv-for""","gv-against""","gv-against""","gv-against"""
"Con
","Alec Shelbrooke
",43,"gv-did-not-vote""","gv-did-not-vote""","gv-did-not-vote""","gv-did-not-vote""","gv-did-not-vote""","gv-did-not-vote""","gv-did-not-vote""","gv-did-not-vote"""
"SNP
","Tommy Sheppard
",72,"gv-did-not-vote""","gv-for""","gv-did-not-vote""","gv-did-not-vote""","gv-for""","gv-against""","gv-against""","gv-against"""
"Lab
","Paula Sherriff
",43,"gv-for""","gv-did-not-vote""","gv-for""","gv-for""","gv-did-not-vote""","gv-against""","gv-against""","gv-did-not-vote"""
"TIG
","Gavin Shuker
",45,"gv-against""","gv-for""","gv-against""","gv-against""","gv-for""","gv-against""","gv-against""","gv-against"""
"Lab
","Tulip Siddiq
",76,"gv-for""","gv-for""","gv-for""","gv-against""","gv-for""","gv-against""","gv-against""","gv-against"""
"DUP
","David Simpson
",47,"gv-against""","gv-against""","gv-against""","gv-did-not-vote""","gv-against""","gv-did-not-vote""","gv-for""","gv-did-not-vote"""
"Con
","Keith Simpson
",46,"gv-against""","gv-against""","gv-against""","gv-against""","gv-against""","gv-against""","gv-against""","gv-against"""
"Con
","Chris Skidmore
",43,"gv-against""","gv-against""","gv-against""","gv-against""","gv-against""","gv-against""","gv-against""","gv-against"""
"Lab
","Dennis Skinner
",30,"gv-against""","gv-against""","gv-for""","gv-against""","gv-against""","gv-for""","gv-against""","gv-for"""
"Lab
","Andy Slaughter
",69,"gv-for""","gv-for""","gv-for""","gv-did-not-vote""","gv-for""","gv-against""","gv-against""","gv-against"""
"Lab
","Ruth Smeeth
",28,"gv-for""","gv-against""","gv-for""","gv-against""","gv-against""","gv-against""","gv-against""","gv-against"""
"TIG
","Angela Smith
",39,"gv-against""","gv-for""","gv-against""","gv-against""","gv-for""","gv-against""","gv-against""","gv-against"""
"Lab
","Cat Smith
",48,"gv-for""","gv-for""","gv-for""","gv-for""","gv-did-not-vote""","gv-against""","gv-against""","gv-did-not-vote"""
"Con
","Chloe Smith
",43,"gv-against""","gv-against""","gv-against""","gv-against""","gv-against""","gv-did-not-vote""","gv-did-not-vote""","gv-against"""
"Lab
","Eleanor Smith
",46,"gv-for""","gv-for""","gv-for""","gv-for""","gv-did-not-vote""","gv-against""","gv-against""","gv-did-not-vote"""
"Con
","Henry Smith
",42,"gv-against""","gv-against""","gv-against""","gv-against""","gv-against""","gv-for""","gv-for""","gv-against"""
"Lab
","Jeff Smith
",75,"gv-for""","gv-for""","gv-for""","gv-for""","gv-for""","gv-against""","gv-against""","gv-against"""
"Con
","Julian Smith
",47,"gv-did-not-vote""","gv-did-not-vote""","gv-did-not-vote""","gv-did-not-vote""","gv-did-not-vote""","gv-did-not-vote""","gv-did-not-vote""","gv-did-not-vote"""
"Lab
","Laura Smith
",40,"gv-for""","gv-against""","gv-for""","gv-against""","gv-did-not-vote""","gv-against""","gv-against""","gv-against"""
"Lab
","Nick Smith
",38,"gv-for""","gv-for""","gv-for""","gv-did-not-vote""","gv-did-not-vote""","gv-against""","gv-against""","gv-did-not-vote"""
"Lab
","Owen Smith
",53,"gv-did-not-vote""","gv-for""","gv-did-not-vote""","gv-against""","gv-for""","gv-against""","gv-against""","gv-against"""
"Con
","Royston Smith
",40,"gv-against""","gv-against""","gv-against""","gv-against""","gv-against""","gv-for""","gv-for""","gv-against"""
"Lab
","Karin Smyth
",53,"gv-for""","gv-for""","gv-for""","gv-for""","gv-for""","gv-against""","gv-against""","gv-against"""
"Lab
","Gareth Snell
",35,"gv-for""","gv-against""","gv-for""","gv-against""","gv-against""","gv-against""","gv-against""","gv-against"""
"Con
","Sir Nicholas Soames
",54,"gv-for""","gv-against""","gv-against""","gv-for""","gv-against""","gv-against""","gv-against""","gv-against"""
"Lab
","Alex Sobel
",65,"gv-for""","gv-for""","gv-for""","gv-for""","gv-for""","gv-against""","gv-against""","gv-against"""
"TIG
","Anna Soubry
",47,"gv-against""","gv-for""","gv-against""","gv-against""","gv-for""","gv-against""","gv-against""","gv-against"""
"Lab
","John Spellar
",38,"gv-for""","gv-against""","gv-for""","gv-against""","gv-against""","gv-against""","gv-against""","gv-against"""
"Con
","Dame Caroline Spelman
",41,"gv-for""","gv-against""","gv-against""","gv-for""","gv-against""","gv-against""","gv-against""","gv-for"""
"Con
","Mark Spencer
",36,"gv-against""","gv-against""","gv-against""","gv-against""","gv-against""","gv-for""","gv-did-not-vote""","gv-against"""
"Lab
","Keir Starmer
",73,"gv-for""","gv-for""","gv-for""","gv-for""","gv-did-not-vote""","gv-against""","gv-against""","gv-did-not-vote"""
"SNP
","Chris Stephens
",59,"gv-did-not-vote""","gv-for""","gv-did-not-vote""","gv-did-not-vote""","gv-for""","gv-against""","gv-against""","gv-against"""
"Con
","Andrew Stephenson
",37,"gv-against""","gv-against""","gv-against""","gv-against""","gv-against""","gv-for""","gv-for""","gv-against"""
"Lab
","Jo Stevens
",68,"gv-did-not-vote""","gv-for""","gv-did-not-vote""","gv-against""","gv-for""","gv-against""","gv-against""","gv-against"""
"Con
","John Stevenson
",39,"gv-against""","gv-against""","gv-against""","gv-for""","gv-against""","gv-did-not-vote""","gv-against""","gv-for"""
"Con
","Bob Stewart
",53,"gv-against""","gv-against""","gv-against""","gv-against""","gv-against""","gv-for""","gv-for""","gv-against"""
"Con
","Iain Stewart
",47,"gv-against""","gv-against""","gv-against""","gv-against""","gv-against""","gv-for""","gv-for""","gv-against"""
"Con
","Rory Stewart
",45,"gv-for""","gv-against""","gv-against""","gv-did-not-vote""","gv-against""","gv-against""","gv-against""","gv-did-not-vote"""
"LD
","Jamie Stone
",49,"gv-did-not-vote""","gv-for""","gv-did-not-vote""","gv-did-not-vote""","gv-for""","gv-against""","gv-against""","gv-did-not-vote"""
"Con
","Sir Gary Streeter
",45,"gv-against""","gv-against""","gv-against""","gv-against""","gv-against""","gv-against""","gv-against""","gv-for"""
"Lab
","Wes Streeting
",47,"gv-for""","gv-for""","gv-for""","gv-did-not-vote""","gv-for""","gv-against""","gv-against""","gv-against"""
"Con
","Mel Stride
",49,"gv-against""","gv-against""","gv-against""","gv-against""","gv-against""","gv-against""","gv-against""","gv-against"""
"Lab
","Graham Stringer
","--
","gv-against""","gv-against""","gv-did-not-vote""","gv-against""","gv-against""","gv-did-not-vote""","gv-for""","gv-against"""
"Con
","Graham Stuart
",41,"gv-against""","gv-against""","gv-against""","gv-against""","gv-against""","gv-for""","gv-for""","gv-against"""
"Con
","Julian Sturdy
",55,"gv-against""","gv-against""","gv-against""","gv-against""","gv-against""","gv-did-not-vote""","gv-for""","gv-for"""
"Con
","Rishi Sunak
",45,"gv-against""","gv-against""","gv-against""","gv-against""","gv-against""","gv-for""","gv-for""","gv-against"""
"Con
","Sir Desmond Swayne
",45,"gv-against""","gv-against""","gv-against""","gv-against""","gv-against""","gv-for""","gv-for""","gv-against"""
"Lab
","Paul Sweeney
",59,"gv-for""","gv-for""","gv-for""","gv-for""","gv-for""","gv-against""","gv-against""","gv-did-not-vote"""
"LD
","Jo Swinson
",73,"gv-did-not-vote""","gv-for""","gv-did-not-vote""","gv-did-not-vote""","gv-for""","gv-against""","gv-against""","gv-did-not-vote"""
"Con
","Sir Hugo Swire
",50,"gv-against""","gv-against""","gv-against""","gv-against""","gv-against""","gv-against""","gv-did-not-vote""","gv-against"""
"Con
","Sir Robert Syms
",43,"gv-against""","gv-against""","gv-against""","gv-against""","gv-against""","gv-for""","gv-against""","gv-against"""
"Lab
","Mark Tami
",42,"gv-for""","gv-for""","gv-for""","gv-did-not-vote""","gv-did-not-vote""","gv-against""","gv-against""","gv-did-not-vote"""
"SNP
","Alison Thewliss
",71,"gv-did-not-vote""","gv-for""","gv-did-not-vote""","gv-did-not-vote""","gv-for""","gv-against""","gv-against""","gv-against"""
"Con
","Derek Thomas
",45,"gv-against""","gv-against""","gv-against""","gv-against""","gv-against""","gv-for""","gv-for""","gv-for"""
"Lab
","Gareth Thomas
",55,"gv-for""","gv-for""","gv-for""","gv-for""","gv-for""","gv-against""","gv-against""","gv-against"""
"Lab
","Nick Thomas-Symonds
",39,"gv-for""","gv-for""","gv-for""","gv-did-not-vote""","gv-did-not-vote""","gv-against""","gv-against""","gv-did-not-vote"""
"Con
","Ross Thomson
",68,"gv-against""","gv-against""","gv-against""","gv-against""","gv-against""","gv-for""","gv-for""","gv-against"""
"Lab
","Emily Thornberry
",72,"gv-for""","gv-for""","gv-for""","gv-for""","gv-did-not-vote""","gv-against""","gv-against""","gv-did-not-vote"""
"Con
","Maggie Throup
",37,"gv-against""","gv-against""","gv-against""","gv-against""","gv-against""","gv-for""","gv-against""","gv-against"""
"Lab
","Stephen Timms
",54,"gv-for""","gv-for""","gv-for""","gv-for""","gv-for""","gv-against""","gv-against""","gv-did-not-vote"""
"Con
","Kelly Tolhurst
",36,"gv-against""","gv-against""","gv-against""","gv-against""","gv-against""","gv-for""","gv-against""","gv-against"""
"Con
","Justin Tomlinson
",43,"gv-against""","gv-against""","gv-against""","gv-against""","gv-against""","gv-for""","gv-for""","gv-against"""
"Con
","Michael Tomlinson
",43,"gv-against""","gv-against""","gv-against""","gv-against""","gv-against""","gv-for""","gv-for""","gv-against"""
"Con
","Craig Tracey
",32,"gv-against""","gv-against""","gv-against""","gv-against""","gv-against""","gv-for""","gv-against""","gv-against"""
"Con
","David Tredinnick
",39,"gv-against""","gv-against""","gv-against""","gv-for""","gv-against""","gv-against""","gv-against""","gv-for"""
"Con
","Anne-Marie Trevelyan
",45,"gv-against""","gv-against""","gv-against""","gv-against""","gv-against""","gv-for""","gv-for""","gv-against"""
"Lab
","Jon Trickett
",32,"gv-for""","gv-did-not-vote""","gv-for""","gv-for""","gv-did-not-vote""","gv-against""","gv-against""","gv-did-not-vote"""
"Con
","Elizabeth Truss
",33,"gv-did-not-vote""","gv-did-not-vote""","gv-did-not-vote""","gv-did-not-vote""","gv-did-not-vote""","gv-did-not-vote""","gv-did-not-vote""","gv-did-not-vote"""
"Con
","Tom Tugendhat
",47,"gv-did-not-vote""","gv-against""","gv-did-not-vote""","gv-did-not-vote""","gv-against""","gv-did-not-vote""","gv-did-not-vote""","gv-did-not-vote"""
"Lab
","Anna Turley
",32,"gv-for""","gv-for""","gv-for""","gv-did-not-vote""","gv-for""","gv-against""","gv-against""","gv-against"""
"Lab
","Karl Turner
",27,"gv-for""","gv-for""","gv-for""","gv-for""","gv-did-not-vote""","gv-did-not-vote""","gv-did-not-vote""","gv-did-not-vote"""
"Lab
","Derek Twigg
",42,"gv-for""","gv-against""","gv-for""","gv-against""","gv-against""","gv-against""","gv-against""","gv-against"""
"Lab
","Stephen Twigg
",50,"gv-for""","gv-for""","gv-for""","gv-for""","gv-for""","gv-against""","gv-against""","gv-did-not-vote"""
"Lab
","Liz Twist
",44,"gv-for""","gv-for""","gv-for""","gv-for""","gv-did-not-vote""","gv-against""","gv-against""","gv-did-not-vote"""
"TIG
","Chuka Umunna
",80,"gv-against""","gv-for""","gv-against""","gv-against""","gv-for""","gv-against""","gv-against""","gv-against"""
"Con
","Edward Vaizey
",53,"gv-for""","gv-did-not-vote""","gv-against""","gv-for""","gv-did-not-vote""","gv-against""","gv-against""","gv-for"""
"Con
","Shailesh Vara
",43,"gv-against""","gv-against""","gv-against""","gv-against""","gv-against""","gv-for""","gv-for""","gv-against"""
"Lab
","Keith Vaz
",46,"gv-for""","gv-for""","gv-for""","gv-for""","gv-for""","gv-against""","gv-against""","gv-did-not-vote"""
"Lab
","Valerie Vaz
",38,"gv-for""","gv-for""","gv-for""","gv-for""","gv-did-not-vote""","gv-against""","gv-against""","gv-did-not-vote"""
"Con
","Martin Vickers
",30,"gv-against""","gv-against""","gv-against""","gv-against""","gv-against""","gv-for""","gv-against""","gv-against"""
"Con
","Theresa Villiers
",59,"gv-against""","gv-against""","gv-against""","gv-against""","gv-against""","gv-did-not-vote""","gv-for""","gv-against"""
"Con
","Charles Walker
",34,"gv-against""","gv-against""","gv-against""","gv-against""","gv-against""","gv-against""","gv-against""","gv-against"""
"Con
","Robin Walker
",46,"gv-did-not-vote""","gv-against""","gv-against""","gv-against""","gv-against""","gv-against""","gv-against""","gv-against"""
"Lab
","Thelma Walker
",50,"gv-for""","gv-for""","gv-for""","gv-against""","gv-for""","gv-against""","gv-against""","gv-against"""
"Con
","Ben Wallace
",46,"gv-against""","gv-against""","gv-against""","gv-against""","gv-against""","gv-for""","gv-against""","gv-for"""
"Con
","David Warburton
",50,"gv-against""","gv-against""","gv-against""","gv-against""","gv-against""","gv-for""","gv-for""","gv-for"""
"Con
","Matt Warman
",24,"gv-against""","gv-against""","gv-against""","gv-against""","gv-against""","gv-for""","gv-against""","gv-against"""
"Con
","Giles Watling
",27,"gv-against""","gv-against""","gv-against""","gv-against""","gv-against""","gv-for""","gv-for""","gv-against"""
"Lab
","Tom Watson
",32,"gv-for""","gv-for""","gv-for""","gv-for""","gv-did-not-vote""","gv-against""","gv-against""","gv-did-not-vote"""
"Lab
","Catherine West
",75,"gv-for""","gv-for""","gv-for""","gv-did-not-vote""","gv-for""","gv-against""","gv-against""","gv-against"""
"Lab
","Matt Western
",58,"gv-for""","gv-for""","gv-for""","gv-for""","gv-for""","gv-against""","gv-against""","gv-against"""
"Con
","Helen Whately
",41,"gv-against""","gv-against""","gv-against""","gv-against""","gv-against""","gv-for""","gv-for""","gv-against"""
"Con
","Heather Wheeler
",40,"gv-against""","gv-against""","gv-against""","gv-against""","gv-against""","gv-for""","gv-for""","gv-against"""
"Lab
","Alan Whitehead
",51,"gv-for""","gv-for""","gv-for""","gv-for""","gv-for""","gv-against""","gv-against""","gv-against"""
"Lab
","Martin Whitfield
",65,"gv-for""","gv-for""","gv-for""","gv-did-not-vote""","gv-for""","gv-against""","gv-against""","gv-did-not-vote"""
"SNP
","Philippa Whitford
",58,"gv-did-not-vote""","gv-for""","gv-did-not-vote""","gv-did-not-vote""","gv-for""","gv-against""","gv-against""","gv-against"""
"Con
","Craig Whittaker
",47,"gv-against""","gv-against""","gv-against""","gv-against""","gv-against""","gv-for""","gv-against""","gv-against"""
"Con
","John Whittingdale
",39,"gv-against""","gv-against""","gv-against""","gv-against""","gv-against""","gv-for""","gv-for""","gv-against"""
"Con
","Bill Wiggin
",42,"gv-against""","gv-against""","gv-against""","gv-against""","gv-against""","gv-for""","gv-for""","gv-against"""
"PC
","Hywel Williams
",64,"gv-did-not-vote""","gv-for""","gv-did-not-vote""","gv-for""","gv-for""","gv-against""","gv-against""","gv-did-not-vote"""
"Lab
","Paul Williams
",42,"gv-against""","gv-for""","gv-for""","gv-against""","gv-for""","gv-against""","gv-against""","gv-against"""
"Ind
","Chris Williamson
",46,"gv-for""","gv-against""","gv-for""","gv-against""","gv-against""","gv-did-not-vote""","gv-against""","gv-did-not-vote"""
"Con
","Gavin Williamson
",35,"gv-did-not-vote""","gv-did-not-vote""","gv-did-not-vote""","gv-did-not-vote""","gv-did-not-vote""","gv-did-not-vote""","gv-did-not-vote""","gv-did-not-vote"""
"Lab
","Phil Wilson
",41,"gv-for""","gv-for""","gv-for""","gv-for""","gv-did-not-vote""","gv-against""","gv-against""","gv-did-not-vote"""
"DUP
","Sammy Wilson
",45,"gv-against""","gv-against""","gv-against""","gv-did-not-vote""","gv-against""","gv-did-not-vote""","gv-for""","gv-did-not-vote"""
"Lab
","Dame Rosie Winterton
",33,"gv-did-not-vote""","gv-did-not-vote""","gv-did-not-vote""","gv-did-not-vote""","gv-did-not-vote""","gv-did-not-vote""","gv-did-not-vote""","gv-did-not-vote"""
"SNP
","Pete Wishart
",60,"gv-did-not-vote""","gv-did-not-vote""","gv-did-not-vote""","gv-did-not-vote""","gv-for""","gv-against""","gv-against""","gv-against"""
"TIG
","Sarah Wollaston
",46,"gv-against""","gv-for""","gv-against""","gv-against""","gv-for""","gv-against""","gv-against""","gv-against"""
"Con
","Mike Wood
",30,"gv-against""","gv-against""","gv-against""","gv-against""","gv-against""","gv-for""","gv-did-not-vote""","gv-against"""
"Ind
","John Woodcock
",43,"gv-did-not-vote""","gv-for""","gv-against""","gv-did-not-vote""","gv-for""","gv-against""","gv-against""","gv-against"""
"Con
","William Wragg
",48,"gv-against""","gv-against""","gv-against""","gv-against""","gv-against""","gv-for""","gv-for""","gv-against"""
"Con
","Jeremy Wright
",54,"gv-did-not-vote""","gv-did-not-vote""","gv-did-not-vote""","gv-did-not-vote""","gv-did-not-vote""","gv-did-not-vote""","gv-did-not-vote""","gv-did-not-vote"""
"Lab
","Mohammad Yasin
",48,"gv-for""","gv-for""","gv-for""","gv-for""","gv-for""","gv-against""","gv-against""","gv-against"""
"Con
","Nadhim Zahawi
",49,"gv-against""","gv-against""","gv-against""","gv-did-not-vote""","gv-against""","gv-did-not-vote""","gv-did-not-vote""","gv-did-not-vote"""
"Lab
","Daniel Zeichner
",74,"gv-did-not-vote""","gv-for""","gv-did-not-vote""","gv-against""","gv-for""","gv-against""","gv-against""","gv-against"""
