"Party","Name","LeaveRemain","Percent","Constituency","Voting.1","Voting.2","Voting.3","Voting.4","Voting.5","Voting.6","Voting.7","Voting.8"
"Conservative","Nigel Adams","Leave","58%",42,-1,-1,-1,-1,-1,0,1,-1
"Conservative","Bim Afolami","Remain","60%",60,0,-1,-1,1,-1,-1,0,1
"Conservative","Adam Afriyie","Remain","53%",53,-1,-1,-1,-1,-1,1,1,-1
"Conservative","Peter Aldous","Leave","63%",37,-1,-1,-1,-1,-1,-1,-1,1
"Conservative","Sir David Amess","Leave","55%",45,-1,-1,-1,-1,-1,1,1,-1
"Conservative","Stuart Andrew","Remain","51%",51,-1,-1,-1,-1,-1,1,1,-1
"Conservative","Edward Argar","Leave","58%",42,-1,-1,-1,-1,-1,0,-1,-1
"Conservative","Victoria Atkins","Leave","69%",31,-1,-1,-1,-1,-1,-1,-1,-1
"Conservative","Richard Bacon","Leave","51%",49,-1,-1,-1,-1,-1,1,1,-1
"Conservative","Kemi Badenoch","Leave","51%",49,-1,-1,-1,-1,-1,0,1,-1
"Conservative","Steve Baker","Remain","52%",52,-1,-1,-1,-1,-1,1,1,-1
"Conservative","Harriett Baldwin","Leave","53%",47,-1,-1,-1,-1,-1,0,0,0
"Conservative","John Baron","Leave","67%",33,-1,-1,-1,-1,-1,1,0,-1
"Conservative","Guto Bebb","Leave","52%",48,1,1,-1,-1,1,-1,-1,1
"Conservative","Sir Henry Bellingham","Leave","66%",34,-1,-1,-1,-1,-1,1,1,-1
"Conservative","Richard Benyon","Remain","52%",52,1,-1,-1,1,-1,-1,-1,-1
"Conservative","Sir Paul Beresford","Remain","53%",53,-1,-1,-1,-1,-1,-1,-1,-1
"Conservative","Jake Berry","Leave","59%",41,-1,-1,-1,-1,-1,1,-1,-1
"Conservative","Bob Blackman","Remain","53%",53,-1,-1,-1,-1,-1,1,1,1
"Conservative","Crispin Blunt","Remain","52%",52,-1,-1,-1,-1,-1,1,1,-1
"Conservative","Nick Boles","Leave","61%",39,1,0,-1,1,-1,-1,-1,1
"Conservative","Peter Bone","Leave","63%",37,-1,-1,-1,-1,-1,1,1,-1
"Conservative","Sir Peter Bottomley","Leave","56%",44,-1,-1,-1,-1,-1,-1,0,-1
"Conservative","Andrew Bowie","Remain","61%",61,-1,-1,-1,-1,-1,-1,-1,-1
"Conservative","Ben Bradley","Leave","71%",29,-1,-1,-1,-1,-1,1,1,-1
"Conservative","Sir Graham Brady","Remain","61%",61,-1,-1,-1,-1,-1,-1,-1,-1
"Conservative","Suella Braverman","Leave","56%",44,-1,-1,-1,-1,-1,1,1,-1
"Conservative","Jack Brereton","Leave","71%",29,-1,-1,-1,-1,-1,1,1,-1
"Conservative","Andrew Bridgen","Leave","61%",39,-1,-1,-1,-1,-1,1,1,-1
"Conservative","Steve Brine","Remain","60%",60,1,0,-1,1,0,-1,-1,1
"Conservative","Fiona Bruce","Leave","53%",47,-1,-1,-1,-1,-1,1,1,-1
"Conservative","Robert Buckland","Leave","52%",48,-1,-1,-1,-1,-1,-1,-1,-1
"Conservative","Alex Burghart","Leave","61%",39,-1,-1,-1,-1,-1,0,0,-1
"Conservative","Conor Burns","Leave","58%",42,-1,-1,-1,-1,-1,1,1,-1
"Conservative","Alistair Burt","Leave","53%",47,1,0,-1,1,0,-1,-1,1
"Conservative","James Cartlidge","Leave","54%",46,-1,-1,-1,1,-1,-1,-1,1
"Conservative","Sir William Cash","Leave","57%",43,-1,-1,-1,-1,-1,1,1,-1
"Conservative","Maria Caulfield","Remain","53%",53,-1,-1,-1,-1,-1,1,1,1
"Conservative","Alex Chalk","Remain","57%",57,1,0,-1,-1,0,-1,-1,-1
"Conservative","Rehman Chishti","Leave","64%",36,-1,-1,-1,-1,-1,1,0,-1
"Conservative","Sir Christopher Chope","Leave","60%",40,-1,-1,-1,-1,-1,1,1,-1
"Conservative","Jo Churchill","Leave","54%",46,-1,-1,-1,-1,-1,-1,-1,-1
"Conservative","Colin Clark","Remain","56%",56,0,-1,-1,-1,-1,-1,0,0
"Conservative","Kenneth Clarke","Remain","59%",59,1,0,1,1,1,-1,-1,-1
"Conservative","Simon Clarke","Leave","65%",35,-1,-1,-1,-1,-1,1,1,-1
"Conservative","James Cleverly","Leave","62%",38,-1,-1,-1,-1,-1,0,-1,-1
"Conservative","Sir Geoffrey Clifton-Brown","Remain","52%",52,-1,-1,-1,-1,-1,1,1,-1
"Conservative","Thérèse Coffey","Leave","55%",45,-1,-1,-1,-1,-1,0,0,-1
"Conservative","Damian Collins","Leave","62%",38,-1,-1,-1,1,-1,-1,-1,1
"Conservative","Alberto Costa","Leave","58%",42,-1,-1,-1,1,-1,-1,-1,1
"Conservative","Robert Courts","Remain","54%",54,-1,-1,-1,-1,-1,1,1,1
"Conservative","Stephen Crabb","Leave","55%",45,1,-1,-1,1,-1,-1,-1,1
"Conservative","Tracey Crouch","Leave","64%",36,-1,-1,-1,-1,-1,1,0,-1
"Conservative","Chris Davies","Leave","52%",48,-1,-1,-1,-1,-1,1,1,1
"Conservative","David T. C. Davies","Remain","52%",52,-1,-1,-1,-1,-1,1,1,-1
"Conservative","Glyn Davies","Leave","56%",44,-1,-1,-1,-1,-1,1,1,1
"Conservative","Mims Davies","Leave","54%",46,-1,-1,-1,-1,-1,1,-1,-1
"Conservative","Philip Davies","Leave","52%",48,-1,-1,-1,-1,-1,1,1,-1
"Conservative","David Davis","Leave","55%",45,-1,-1,-1,-1,-1,1,-1,-1
"Conservative","Caroline Dinenage","Leave","62%",38,-1,-1,-1,-1,-1,1,1,-1
"Conservative","Jonathan Djanogly","Leave","54%",46,1,0,-1,1,-1,-1,-1,1
"Conservative","Michelle Donelan","Leave","52%",48,-1,-1,-1,-1,-1,0,1,-1
"Conservative","Nadine Dorries","Leave","53%",47,-1,-1,-1,-1,-1,1,1,-1
"Conservative","Steve Double","Leave","64%",36,-1,-1,-1,-1,-1,1,1,-1
"Conservative","Oliver Dowden","Leave","51%",49,-1,-1,-1,-1,-1,-1,-1,-1
"Conservative","Jackie Doyle-Price","Leave","70%",30,-1,-1,-1,-1,-1,1,-1,-1
"Conservative","Richard Drax","Leave","59%",41,-1,-1,-1,-1,-1,1,1,-1
"Conservative","James Duddridge","Leave","61%",39,-1,-1,-1,-1,-1,1,1,-1
"Conservative","David Duguid","Leave","54%",46,-1,-1,-1,-1,-1,-1,-1,1
"Conservative","Sir Alan Duncan","Leave","54%",46,0,-1,-1,0,1,-1,-1,0
"Conservative","Iain Duncan Smith","Remain","50%",50,-1,-1,-1,-1,-1,1,1,-1
"Conservative","Philip Dunne","Leave","58%",42,-1,-1,-1,-1,-1,-1,1,-1
"Conservative","Michael Ellis","Leave","60%",40,-1,-1,-1,-1,-1,1,-1,-1
"Conservative","Charlie Elphicke","Leave","63%",37,-1,-1,-1,-1,-1,1,1,-1
"Conservative","George Eustice","Leave","58%",42,-1,-1,-1,1,-1,1,1,1
"Conservative","Nigel Evans","Leave","59%",41,-1,-1,-1,-1,-1,1,1,-1
"Conservative","Sir David Evennett","Leave","65%",35,-1,-1,-1,-1,-1,0,-1,-1
"Conservative","Michael Fabricant","Leave","57%",43,-1,-1,-1,-1,-1,1,1,-1
"Conservative","Sir Michael Fallon","Leave","54%",46,-1,-1,-1,0,-1,-1,1,1
"Conservative","Mark Field","Remain","72%",72,1,0,-1,-1,1,-1,1,-1
"Conservative","Vicky Ford","Leave","51%",49,1,-1,-1,1,-1,-1,-1,0
"Conservative","Kevin Foster","Leave","63%",37,-1,-1,-1,-1,-1,1,-1,1
"Conservative","Mark Francois","Leave","68%",32,-1,-1,-1,-1,-1,1,1,-1
"Conservative","Lucy Frazer","Remain","55%",55,0,-1,-1,-1,-1,-1,0,-1
"Conservative","George Freeman","Leave","61%",39,1,0,-1,1,-1,0,-1,1
"Conservative","Mike Freer","Remain","69%",69,-1,-1,-1,-1,1,-1,-1,-1
"Conservative","Marcus Fysh","Leave","60%",40,-1,-1,-1,-1,-1,1,1,-1
"Conservative","Sir Roger Gale","Leave","65%",35,-1,-1,-1,-1,-1,-1,-1,-1
"Conservative","Mark Garnier","Leave","63%",37,-1,0,-1,-1,-1,0,1,1
"Conservative","Nusrat Ghani","Leave","53%",47,-1,-1,-1,-1,-1,1,-1,-1
"Conservative","Nick Gibb","Leave","65%",35,-1,-1,-1,0,-1,0,-1,0
"Conservative","Dame Cheryl Gillan","Remain","55%",55,-1,-1,-1,-1,-1,-1,-1,-1
"Conservative","John Glen","Remain","50%",50,-1,-1,-1,-1,-1,-1,-1,-1
"Conservative","Zac Goldsmith","Remain","71%",71,-1,-1,-1,-1,-1,1,1,-1
"Conservative","Robert Goodwill","Leave","61%",39,-1,-1,-1,-1,-1,1,-1,-1
"Conservative","Luke Graham","Remain","61%",61,-1,-1,-1,-1,-1,-1,0,1
"Conservative","Richard Graham","Leave","59%",41,0,-1,-1,0,-1,-1,-1,0
"Conservative","Bill Grant","Remain","56%",56,-1,-1,-1,-1,-1,-1,-1,1
"Conservative","Helen Grant","Leave","56%",44,-1,-1,-1,-1,-1,-1,-1,-1
"Conservative","James Gray","Leave","50%",50,-1,-1,-1,-1,-1,1,1,-1
"Conservative","Chris Green","Leave","56%",44,-1,-1,-1,-1,-1,1,1,-1
"Conservative","Damian Green","Leave","60%",40,1,-1,-1,-1,-1,-1,0,1
"Conservative","Justine Greening","Remain","72%",72,0,1,0,0,1,-1,0,0
"Conservative","Dominic Grieve","Remain","51%",51,0,1,-1,0,1,-1,-1,-1
"Conservative","Andrew Griffiths","Leave","65%",35,-1,-1,-1,-1,-1,1,-1,-1
"Conservative","Sam Gyimah","Leave","54%",46,0,1,-1,0,0,-1,-1,0
"Conservative","Kirstene Hair","Remain","52%",52,-1,-1,-1,-1,-1,0,0,-1
"Conservative","Robert Halfon","Leave","68%",32,-1,-1,-1,1,-1,-1,0,1
"Conservative","Luke Hall","Leave","52%",48,-1,-1,-1,-1,-1,-1,-1,-1
"Conservative","Stephen Hammond","Remain","71%",71,1,0,-1,1,1,-1,-1,1
"Conservative","Greg Hands","Remain","71%",71,-1,-1,-1,-1,-1,-1,0,-1
"Conservative","Mark Harper","Leave","58%",42,-1,-1,-1,-1,-1,1,1,-1
"Conservative","Richard Harrington","Leave","51%",49,1,0,-1,1,1,-1,-1,0
"Conservative","Rebecca Harris","Leave","73%",27,-1,-1,-1,-1,-1,1,1,-1
"Conservative","Trudy Harrison","Leave","59%",41,-1,-1,-1,-1,-1,1,-1,1
"Conservative","Simon Hart","Leave","55%",45,-1,-1,-1,1,-1,0,0,1
"Conservative","Sir John Hayes","Leave","71%",29,-1,-1,-1,-1,-1,1,1,-1
"Conservative","Sir Oliver Heald","Leave","51%",49,1,-1,-1,0,-1,-1,-1,0
"Conservative","James Heappey","Leave","54%",46,-1,-1,-1,-1,-1,0,0,-1
"Conservative","Chris Heaton-Harris","Leave","59%",41,-1,-1,-1,-1,-1,1,-1,-1
"Conservative","Peter Heaton-Jones","Leave","57%",43,-1,-1,-1,-1,-1,0,-1,-1
"Conservative","Gordon Henderson","Leave","65%",35,-1,-1,-1,-1,-1,1,1,1
"Conservative","Nick Herbert","Remain","50%",50,1,-1,-1,1,-1,-1,-1,1
"Conservative","Simon Hoare","Leave","57%",43,1,-1,-1,1,-1,-1,-1,1
"Conservative","George Hollingbery","Leave","52%",48,-1,-1,-1,-1,-1,-1,1,-1
"Conservative","Kevin Hollinrake","Leave","56%",44,-1,-1,-1,1,-1,-1,-1,1
"Conservative","Philip Hollobone","Leave","61%",39,-1,-1,-1,-1,-1,1,1,-1
"Conservative","Adam Holloway","Leave","65%",35,-1,-1,-1,-1,-1,1,1,-1
"Conservative","John Howell","Remain","57%",57,-1,0,-1,-1,-1,-1,-1,-1
"Conservative","Nigel Huddleston","Leave","59%",41,0,-1,-1,0,-1,0,0,0
"Conservative","Eddie Hughes","Leave","74%",26,-1,-1,-1,-1,-1,1,1,-1
"Conservative","Nick Hurd","Remain","51%",51,0,0,-1,0,-1,-1,-1,0
"Conservative","Alister Jack","Remain","55%",55,-1,-1,-1,-1,-1,-1,1,-1
"Conservative","Margot James","Leave","64%",36,1,0,-1,1,0,-1,-1,0
"Conservative","Ranil Jayawardena","Remain","54%",54,-1,-1,-1,-1,-1,1,1,-1
"Conservative","Sir Bernard Jenkin","Leave","59%",41,-1,-1,-1,-1,-1,1,1,-1
"Conservative","Andrea Jenkyns","Leave","60%",40,-1,-1,-1,-1,-1,1,1,-1
"Conservative","Robert Jenrick","Leave","56%",44,-1,-1,-1,-1,-1,1,-1,-1
"Conservative","Boris Johnson","Leave","57%",43,-1,-1,-1,-1,-1,1,1,-1
"Conservative","Caroline Johnson","Leave","62%",38,-1,-1,-1,-1,-1,1,1,-1
"Conservative","Gareth Johnson","Leave","64%",36,-1,-1,-1,-1,-1,1,1,-1
"Conservative","Joseph Johnson","Leave","57%",43,-1,1,-1,-1,-1,-1,-1,-1
"Conservative","Andrew Jones","Remain","53%",53,-1,-1,-1,-1,-1,-1,-1,-1
"Conservative","David Jones","Leave","53%",47,-1,-1,-1,-1,-1,1,1,-1
"Conservative","Marcus Jones","Leave","65%",35,-1,-1,-1,-1,-1,1,-1,-1
"Conservative","Daniel Kawczynski","Leave","53%",47,-1,-1,-1,-1,-1,1,-1,-1
"Conservative","Gillian Keegan","Leave","51%",49,-1,-1,-1,-1,-1,-1,-1,0
"Conservative","Seema Kennedy","Leave","57%",43,-1,-1,-1,-1,-1,-1,-1,-1
"Conservative","Stephen Kerr","Remain","68%",68,-1,-1,-1,-1,-1,-1,-1,1
"Conservative","Sir Greg Knight","Leave","64%",36,-1,-1,-1,-1,-1,1,-1,-1
"Conservative","Julian Knight","Leave","53%",47,-1,-1,-1,-1,-1,0,1,1
"Conservative","Kwasi Kwarteng","Leave","60%",40,-1,-1,-1,-1,-1,1,-1,-1
"Conservative","John Lamont","Remain","57%",57,-1,-1,-1,-1,-1,0,0,-1
"Conservative","Mark Lancaster","Remain","50%",50,-1,-1,-1,-1,-1,1,1,-1
"Conservative","Pauline Latham","Leave","53%",47,-1,-1,-1,-1,-1,0,1,-1
"Conservative","Phillip Lee","Leave","53%",47,-1,1,-1,-1,1,-1,-1,-1
"Conservative","Jeremy Lefroy","Leave","57%",43,1,0,0,1,0,-1,0,1
"Conservative","Sir Edward Leigh","Leave","62%",38,-1,-1,-1,-1,-1,1,1,-1
"Conservative","Sir Oliver Letwin","Leave","51%",49,1,-1,-1,1,-1,-1,-1,1
"Conservative","Andrew Lewer","Leave","59%",41,-1,-1,-1,-1,-1,1,1,-1
"Conservative","Julian Lewis","Leave","60%",40,-1,-1,-1,-1,-1,1,1,-1
"Conservative","Ian Liddell-Grainger","Leave","62%",38,-1,-1,-1,-1,-1,1,-1,-1
"Conservative","Julia Lopez","Leave","70%",30,-1,-1,-1,-1,-1,1,1,-1
"Conservative","Jack Lopresti","Remain","51%",51,-1,-1,-1,-1,-1,1,-1,-1
"Conservative","Jonathan Lord","Remain","56%",56,-1,-1,-1,-1,-1,1,1,-1
"Conservative","Tim Loughton","Leave","54%",46,-1,-1,-1,-1,-1,1,1,-1
"Conservative","Craig Mackinlay","Leave","62%",38,-1,-1,-1,-1,-1,1,1,-1
"Conservative","Rachel Maclean","Leave","61%",39,-1,-1,-1,-1,-1,1,1,-1
"Conservative","Sir Patrick McLoughlin","Leave","51%",49,-1,-1,-1,-1,-1,-1,-1,-1
"Conservative","Stephen McPartland","Leave","57%",43,-1,-1,-1,-1,-1,1,1,-1
"Conservative","Esther McVey","Remain","54%",54,-1,-1,-1,-1,-1,1,1,-1
"Conservative","Anne Main","Remain","62%",62,-1,-1,-1,-1,-1,1,1,-1
"Conservative","Alan Mak","Leave","63%",37,-1,-1,-1,-1,-1,1,1,-1
"Conservative","Kit Malthouse","Leave","55%",45,-1,-1,-1,-1,-1,1,1,-1
"Conservative","Scott Mann","Leave","60%",40,-1,-1,-1,-1,-1,1,1,1
"Conservative","Paul Masterton","Remain","74%",74,1,-1,-1,1,0,-1,-1,1
"Conservative","Paul Maynard","Leave","67%",33,-1,-1,-1,-1,-1,1,1,-1
"Conservative","Mark Menzies","Leave","57%",43,-1,-1,-1,-1,-1,1,-1,-1
"Conservative","Johnny Mercer","Leave","66%",34,-1,-1,-1,-1,-1,1,-1,-1
"Conservative","Huw Merriman","Leave","58%",42,-1,1,-1,-1,-1,1,-1,-1
"Conservative","Stephen Metcalfe","Leave","73%",27,-1,-1,-1,-1,-1,1,1,-1
"Conservative","Maria Miller","Leave","54%",46,-1,-1,-1,-1,-1,1,1,-1
"Conservative","Amanda Milling","Leave","69%",31,-1,-1,-1,-1,-1,1,0,-1
"Conservative","Nigel Mills","Leave","65%",35,-1,-1,-1,-1,-1,1,1,-1
"Conservative","Anne Milton","Remain","59%",59,1,0,-1,0,0,-1,-1,0
"Conservative","Andrew Mitchell","Leave","52%",48,1,-1,-1,0,-1,1,1,0
"Conservative","Damien Moore","Remain","54%",54,-1,-1,-1,-1,-1,-1,-1,-1
"Conservative","Nicky Morgan","Leave","50%",50,1,-1,-1,1,-1,-1,-1,1
"Conservative","Anne Marie Morris","Leave","56%",44,-1,-1,-1,-1,-1,1,-1,-1
"Conservative","David Morris","Leave","58%",42,-1,-1,-1,-1,-1,-1,-1,-1
"Conservative","James Morris","Leave","67%",33,-1,-1,-1,-1,-1,1,-1,-1
"Conservative","Wendy Morton","Leave","68%",32,-1,-1,-1,-1,-1,1,-1,-1
"Conservative","Sheryll Murray","Leave","55%",45,-1,-1,-1,-1,-1,1,1,-1
"Conservative","Andrew Murrison","Leave","57%",43,-1,-1,-1,-1,-1,1,0,0
"Conservative","Robert Neill","Remain","50%",50,1,-1,-1,1,-1,-1,-1,1
"Conservative","Sarah Newton","Remain","54%",54,1,0,-1,0,0,-1,-1,1
"Conservative","Jesse Norman","Leave","60%",40,-1,-1,-1,-1,-1,-1,-1,-1
"Conservative","Neil O'Brien","Leave","52%",48,-1,-1,-1,-1,-1,1,0,-1
"Conservative","Matthew Offord","Remain","58%",58,-1,-1,-1,-1,-1,1,1,-1
"Conservative","Guy Opperman","Remain","55%",55,-1,-1,-1,-1,-1,-1,-1,-1
"Conservative","Neil Parish","Leave","58%",42,-1,-1,-1,0,-1,1,1,1
"Conservative","Priti Patel","Leave","61%",39,-1,-1,-1,-1,-1,1,1,-1
"Conservative","Owen Paterson","Leave","60%",40,-1,-1,-1,-1,-1,1,1,-1
"Conservative","Mark Pawsey","Leave","59%",41,1,-1,-1,1,-1,-1,-1,1
"Conservative","Sir Mike Penning","Leave","56%",44,-1,-1,-1,-1,-1,1,-1,-1
"Conservative","John Penrose",NA,NA,NA,-1,-1,-1,1,-1,1,1,1
"Conservative","Andrew Percy","Leave","66%",34,-1,-1,-1,1,-1,1,1,1
"Conservative","Chris Philp","Remain","54%",54,-1,-1,-1,-1,-1,0,1,-1
"Conservative","Christopher Pincher","Leave","66%",34,-1,-1,-1,-1,-1,1,1,-1
"Conservative","Dan Poulter","Leave","55%",45,-1,-1,-1,-1,-1,1,-1,1
"Conservative","Rebecca Pow","Leave","53%",47,-1,-1,-1,1,-1,-1,-1,1
"Conservative","Victoria Prentis","Leave","50%",50,1,-1,-1,0,-1,-1,-1,0
"Conservative","Mark Prisk","Remain","51%",51,-1,-1,-1,-1,-1,-1,-1,1
"Conservative","Mark Pritchard","Leave","59%",41,-1,-1,-1,-1,-1,1,-1,-1
"Conservative","Tom Pursglove","Leave","60%",40,-1,-1,-1,-1,-1,1,1,-1
"Conservative","Jeremy Quin","Remain","51%",51,-1,-1,-1,-1,-1,-1,-1,-1
"Conservative","Will Quince","Leave","52%",48,-1,-1,-1,-1,-1,1,1,-1
"Conservative","Dominic Raab","Remain","58%",58,-1,-1,-1,-1,-1,1,1,-1
"Conservative","John Redwood","Remain","57%",57,-1,-1,-1,-1,-1,1,-1,-1
"Conservative","Jacob Rees-Mogg","Leave","52%",48,-1,-1,-1,-1,-1,1,1,-1
"Conservative","Laurence Robertson","Leave","54%",46,-1,-1,-1,-1,-1,1,1,-1
"Conservative","Mary Robinson","Remain","57%",57,-1,-1,-1,-1,-1,-1,-1,-1
"Conservative","Andrew Rosindell","Leave","69%",31,-1,-1,-1,-1,-1,1,1,-1
"Conservative","Douglas Ross","Remain","50%",50,-1,-1,-1,-1,-1,0,0,-1
"Conservative","Lee Rowley","Leave","62%",38,-1,-1,-1,-1,-1,1,1,-1
"Conservative","Antoinette Sandbach","Leave","52%",48,1,1,-1,1,0,-1,-1,1
"Conservative","Paul Scully","Leave","51%",49,-1,-1,-1,-1,-1,1,1,-1
"Conservative","Bob Seely","Leave","62%",38,-1,-1,-1,-1,-1,1,-1,-1
"Conservative","Andrew Selous","Leave","58%",42,-1,-1,-1,-1,-1,0,0,-1
"Conservative","Grant Shapps","Leave","53%",47,-1,-1,-1,-1,-1,1,1,-1
"Conservative","Alok Sharma","Leave","52%",48,-1,-1,-1,-1,-1,-1,-1,-1
"Conservative","Keith Simpson","Leave","54%",46,-1,-1,-1,-1,-1,-1,-1,-1
"Conservative","Chris Skidmore","Leave","57%",43,-1,-1,-1,-1,-1,-1,-1,-1
"Conservative","Chloe Smith","Leave","57%",43,-1,-1,-1,-1,-1,0,0,-1
"Conservative","Henry Smith","Leave","58%",42,-1,-1,-1,-1,-1,1,1,-1
"Conservative","Royston Smith","Leave","60%",40,-1,-1,-1,-1,-1,1,1,-1
"Conservative","Sir Nicholas Soames","Remain","54%",54,1,-1,-1,1,-1,-1,-1,-1
"Conservative","Dame Caroline Spelman","Leave","59%",41,1,-1,-1,1,-1,-1,-1,1
"Conservative","Mark Spencer","Leave","64%",36,-1,-1,-1,-1,-1,1,0,-1
"Conservative","Andrew Stephenson","Leave","63%",37,-1,-1,-1,-1,-1,1,1,-1
"Conservative","John Stevenson","Leave","61%",39,-1,-1,-1,1,-1,0,-1,1
"Conservative","Bob Stewart","Remain","53%",53,-1,-1,-1,-1,-1,1,1,-1
"Conservative","Iain Stewart","Leave","53%",47,-1,-1,-1,-1,-1,1,1,-1
"Conservative","Rory Stewart","Leave","55%",45,1,-1,-1,0,-1,-1,-1,0
"Conservative","Sir Gary Streeter","Leave","55%",45,-1,-1,-1,-1,-1,-1,-1,1
"Conservative","Mel Stride","Leave","51%",49,-1,-1,-1,-1,-1,-1,-1,-1
"Conservative","Graham Stuart","Leave","59%",41,-1,-1,-1,-1,-1,1,1,-1
"Conservative","Julian Sturdy","Remain","55%",55,-1,-1,-1,-1,-1,0,1,1
"Conservative","Rishi Sunak","Leave","55%",45,-1,-1,-1,-1,-1,1,1,-1
"Conservative","Sir Desmond Swayne","Leave","55%",45,-1,-1,-1,-1,-1,1,1,-1
"Conservative","Sir Hugo Swire","Leave","50%",50,-1,-1,-1,-1,-1,-1,0,-1
"Conservative","Sir Robert Syms","Leave","57%",43,-1,-1,-1,-1,-1,1,-1,-1
"Conservative","Derek Thomas","Leave","55%",45,-1,-1,-1,-1,-1,1,1,1
"Conservative","Ross Thomson","Remain","68%",68,-1,-1,-1,-1,-1,1,1,-1
"Conservative","Maggie Throup","Leave","63%",37,-1,-1,-1,-1,-1,1,-1,-1
"Conservative","Kelly Tolhurst","Leave","64%",36,-1,-1,-1,-1,-1,1,-1,-1
"Conservative","Justin Tomlinson","Leave","57%",43,-1,-1,-1,-1,-1,1,1,-1
"Conservative","Michael Tomlinson","Leave","57%",43,-1,-1,-1,-1,-1,1,1,-1
"Conservative","Craig Tracey","Leave","68%",32,-1,-1,-1,-1,-1,1,-1,-1
"Conservative","David Tredinnick","Leave","61%",39,-1,-1,-1,1,-1,-1,-1,1
"Conservative","Anne-Marie Trevelyan","Leave","55%",45,-1,-1,-1,-1,-1,1,1,-1
"Conservative","Tom Tugendhat","Leave","53%",47,0,-1,0,0,-1,0,0,0
"Conservative","Edward Vaizey","Remain","53%",53,1,0,-1,1,0,-1,-1,1
"Conservative","Shailesh Vara","Leave","57%",43,-1,-1,-1,-1,-1,1,1,-1
"Conservative","Martin Vickers","Leave","70%",30,-1,-1,-1,-1,-1,1,-1,-1
"Conservative","Theresa Villiers","Remain","59%",59,-1,-1,-1,-1,-1,0,1,-1
"Conservative","Charles Walker","Leave","66%",34,-1,-1,-1,-1,-1,-1,-1,-1
"Conservative","Robin Walker","Leave","54%",46,0,-1,-1,-1,-1,-1,-1,-1
"Conservative","Ben Wallace","Leave","54%",46,-1,-1,-1,-1,-1,1,-1,1
"Conservative","David Warburton","Leave","50%",50,-1,-1,-1,-1,-1,1,1,1
"Conservative","Matt Warman","Leave","76%",24,-1,-1,-1,-1,-1,1,-1,-1
"Conservative","Giles Watling","Leave","73%",27,-1,-1,-1,-1,-1,1,1,-1
"Conservative","Helen Whately","Leave","59%",41,-1,-1,-1,-1,-1,1,1,-1
"Conservative","Heather Wheeler","Leave","60%",40,-1,-1,-1,-1,-1,1,1,-1
"Conservative","Craig Whittaker","Leave","53%",47,-1,-1,-1,-1,-1,1,-1,-1
"Conservative","John Whittingdale","Leave","61%",39,-1,-1,-1,-1,-1,1,1,-1
"Conservative","Bill Wiggin","Leave","58%",42,-1,-1,-1,-1,-1,1,1,-1
"Conservative","Mike Wood","Leave","70%",30,-1,-1,-1,-1,-1,1,0,-1
"Conservative","William Wragg","Leave","52%",48,-1,-1,-1,-1,-1,1,1,-1
"Conservative","Nadhim Zahawi","Leave","51%",49,-1,-1,-1,0,-1,0,0,0
"Labour","Graham P Jones","Leave","66%",34,1,1,1,0,0,-1,-1,-1
"Labour","Diane Abbott","Remain","80%",80,1,1,1,1,0,-1,-1,0
"Labour","Rushanara Ali","Remain","69%",69,1,1,1,1,1,-1,-1,-1
"Labour","Rosena Allin-Khan","Remain","74%",74,1,1,1,-1,1,-1,-1,-1
"Labour","Mike Amesbury","Leave","51%",49,1,1,1,1,0,-1,-1,0
"Labour","Tonia Antoniazzi","Remain","51%",51,1,1,1,-1,1,-1,-1,-1
"Labour","Jonathan Ashworth","Remain","58%",58,1,1,1,1,0,-1,-1,0
"Labour","Adrian Bailey","Leave","69%",31,1,1,1,1,0,-1,-1,0
"Labour","Sir Kevin Barron","Leave","67%",33,1,-1,0,-1,-1,-1,-1,-1
"Labour","Margaret Beckett","Leave","61%",39,1,1,1,0,0,-1,-1,0
"Labour","Hilary Benn","Remain","54%",54,1,1,1,1,0,-1,-1,0
"Labour","Clive Betts","Leave","66%",34,1,1,1,1,1,-1,-1,-1
"Labour","Roberta Blackman-Woods","Remain","57%",57,1,1,1,1,1,-1,-1,0
"Labour","Paul Blomfield","Remain","68%",68,1,1,1,1,1,-1,-1,-1
"Labour","Tracy Brabin","Leave","60%",40,1,0,1,1,0,-1,-1,0
"Labour","Ben Bradshaw","Remain","55%",55,1,1,1,0,1,-1,-1,-1
"Labour","Kevin Brennan","Remain","56%",56,1,1,1,1,1,-1,-1,0
"Labour","Lyn Brown","Remain","52%",52,1,1,1,0,1,-1,-1,-1
"Labour","Nicholas Brown","Remain","59%",59,1,1,1,1,0,-1,-1,0
"Labour","Chris Bryant","Leave","60%",40,1,1,1,1,0,-1,-1,-1
"Labour","Karen Buck","Remain","66%",66,1,1,1,0,1,-1,-1,-1
"Labour","Richard Burden","Leave","62%",38,1,1,1,1,0,-1,-1,-1
"Labour","Richard Burgon","Leave","61%",39,1,1,1,1,0,-1,-1,0
"Labour","Dawn Butler","Remain","57%",57,1,1,1,0,0,-1,-1,-1
"Labour","Liam Byrne","Leave","52%",48,1,1,1,1,0,-1,-1,0
"Labour","Ruth Cadbury","Remain","57%",57,1,1,1,-1,1,-1,-1,-1
"Labour","Sir Alan Campbell","Remain","52%",52,1,1,1,0,0,-1,-1,0
"Labour","Ronnie Campbell","Leave","61%",39,-1,-1,-1,-1,-1,1,-1,1
"Labour","Dan Carden","Leave","52%",48,1,1,1,1,0,-1,-1,0
"Labour","Sarah Champion","Leave","68%",32,1,-1,1,-1,-1,-1,-1,-1
"Labour","Jenny Chapman","Leave","58%",42,1,1,1,1,0,-1,-1,0
"Labour","Bambos Charalambous","Remain","62%",62,1,1,1,1,1,-1,-1,0
"Labour","Ann Clwyd","Leave","57%",43,-1,1,-1,-1,1,-1,-1,-1
"Labour","Vernon Coaker","Leave","56%",44,1,1,1,1,0,-1,-1,-1
"Labour","Julie Cooper","Leave","67%",33,1,0,1,1,0,-1,-1,0
"Labour","Rosie Cooper","Leave","55%",45,1,-1,1,-1,-1,-1,-1,-1
"Labour","Yvette Cooper","Leave","69%",31,1,1,1,1,0,-1,-1,0
"Labour","Jeremy Corbyn","Remain","78%",78,1,1,1,1,0,-1,-1,0
"Labour","Neil Coyle","Remain","74%",74,1,1,1,-1,1,-1,-1,-1
"Labour","Sir David Crausby","Leave","58%",42,1,1,1,1,1,-1,-1,-1
"Labour","Mary Creagh","Leave","63%",37,1,1,1,0,1,-1,-1,-1
"Labour","Stella Creasy","Remain","67%",67,1,1,1,0,1,-1,-1,-1
"Labour","Jon Cruddas","Leave","70%",30,1,-1,1,1,-1,-1,-1,0
"Labour","John Cryer","Remain","65%",65,1,1,1,1,0,-1,-1,0
"Labour","Judith Cummins","Leave","64%",36,1,0,1,0,0,-1,-1,0
"Labour","Alex Cunningham","Leave","66%",34,1,1,1,1,1,-1,-1,-1
"Labour","Jim Cunningham","Leave","50%",50,-1,1,1,1,-1,-1,-1,-1
"Labour","Janet Daby","Remain","65%",65,1,1,1,0,1,-1,-1,-1
"Labour","Nic Dakin","Leave","69%",31,1,1,1,0,0,-1,-1,0
"Labour","Wayne David","Leave","55%",45,1,1,1,1,0,-1,-1,0
"Labour","Geraint Davies","Remain","57%",57,1,1,1,0,1,-1,-1,-1
"Labour","Marsha De Cordova","Remain","78%",78,1,1,1,0,1,-1,-1,-1
"Labour","Gloria De Piero","Leave","71%",29,1,0,1,1,0,-1,-1,0
"Labour","Thangam Debbonaire","Remain","79%",79,1,1,1,1,1,-1,-1,0
"Labour","Emma Dent Coad","Remain","69%",69,1,1,1,-1,1,-1,-1,-1
"Labour","Tanmanjeet Singh Dhesi","Leave","54%",46,1,1,1,1,0,-1,-1,0
"Labour","Anneliese Dodds","Remain","68%",68,1,1,1,1,1,-1,-1,0
"Labour","Stephen Doughty","Remain","57%",57,1,1,1,0,1,-1,-1,-1
"Labour","Peter Dowd","Leave","55%",45,1,1,1,1,0,-1,-1,0
"Labour","David Drew","Remain","54%",54,1,1,1,1,1,-1,-1,0
"Labour","Jack Dromey","Leave","63%",37,1,1,1,1,0,-1,-1,-1
"Labour","Rosie Duffield","Remain","55%",55,1,1,1,0,1,-1,-1,-1
"Labour","Angela Eagle","Remain","50%",50,1,1,1,0,1,-1,-1,0
"Labour","Maria Eagle","Remain","52%",52,1,1,1,0,1,-1,-1,-1
"Labour","Clive Efford","Leave","52%",48,1,1,1,1,1,-1,-1,-1
"Labour","Julie Elliott","Leave","60%",40,1,1,1,0,0,-1,-1,0
"Labour","Dame Louise Ellman","Remain","73%",73,1,1,1,-1,1,-1,-1,-1
"Labour","Chris Elmore","Leave","59%",41,1,1,1,0,1,-1,-1,-1
"Labour","Bill Esterson","Remain","56%",56,1,1,1,1,1,-1,-1,-1
"Labour","Chris Evans","Leave","59%",41,1,0,1,1,0,-1,-1,0
"Labour","Paul Farrelly","Leave","62%",38,1,1,1,1,1,-1,-1,-1
"Labour","Jim Fitzpatrick","Remain","66%",66,1,-1,1,-1,0,-1,-1,-1
"Labour","Colleen Fletcher","Leave","58%",42,1,1,1,1,0,-1,-1,0
"Labour","Caroline Flint","Leave","69%",31,0,-1,1,-1,-1,-1,-1,-1
"Labour","Yvonne Fovargue","Leave","65%",35,1,-1,1,0,0,-1,0,0
"Labour","Vicky Foxcroft","Remain","76%",76,1,1,1,1,1,-1,-1,0
"Labour","James Frith","Leave","54%",46,1,1,1,1,1,-1,-1,0
"Labour","Gill Furniss","Leave","60%",40,1,1,1,1,0,-1,-1,0
"Labour","Hugh Gaffney","Remain","61%",61,1,1,1,1,1,-1,-1,0
"Labour","Barry Gardiner","Remain","57%",57,1,1,1,0,0,-1,-1,0
"Labour","Ruth George","Leave","51%",49,1,1,1,0,1,-1,-1,-1
"Labour","Preet Kaur Gill","Remain","53%",53,1,1,1,0,1,-1,-1,0
"Labour","Mary Glindon","Leave","60%",40,1,0,1,1,0,-1,-1,0
"Labour","Roger Godsiff","Remain","66%",66,1,1,1,1,1,-1,-1,-1
"Labour","Helen Goodman","Leave","61%",39,1,1,1,1,0,-1,-1,-1
"Labour","Kate Green","Remain","51%",51,1,1,1,0,1,-1,-1,-1
"Labour","Lilian Greenwood","Remain","53%",53,1,1,1,0,1,-1,-1,-1
"Labour","Margaret Greenwood","Remain","55%",55,1,1,1,0,0,-1,-1,0
"Labour","Nia Griffith","Leave","57%",43,1,1,1,1,0,-1,-1,0
"Labour","John Grogan","Leave","53%",47,1,1,1,1,1,-1,-1,0
"Labour","Andrew Gwynne","Leave","61%",39,1,0,1,1,0,-1,-1,0
"Labour","Louise Haigh","Leave","57%",43,1,1,1,1,1,-1,-1,-1
"Labour","Fabian Hamilton","Remain","63%",63,1,1,1,0,1,-1,-1,-1
"Labour","David Hanson","Leave","54%",46,1,1,1,1,0,-1,-1,-1
"Labour","Emma Hardy","Leave","68%",32,1,1,1,1,0,-1,-1,0
"Labour","Harriet Harman","Remain","69%",69,1,1,1,1,1,-1,-1,-1
"Labour","Carolyn Harris","Leave","62%",38,1,0,1,1,0,-1,-1,0
"Labour","Helen Hayes","Remain","77%",77,1,1,1,0,1,-1,-1,-1
"Labour","Sue Hayman","Leave","61%",39,1,1,1,1,0,-1,-1,0
"Labour","John Healey","Leave","70%",30,1,1,1,0,0,-1,0,0
"Labour","Sir Mark Hendrick","Leave","56%",44,1,1,1,1,1,-1,-1,1
"Labour","Stephen Hepburn","Leave","62%",38,-1,-1,-1,-1,-1,-1,-1,-1
"Labour","Mike Hill","Leave","70%",30,1,-1,1,0,0,-1,-1,0
"Labour","Meg Hillier","Remain","77%",77,1,1,1,0,1,-1,-1,-1
"Labour","Dame Margaret Hodge","Leave","60%",40,1,1,1,0,1,-1,-1,-1
"Labour","Sharon Hodgson","Leave","62%",38,1,1,1,1,0,-1,-1,-1
"Labour","Kate Hoey","Remain","78%",78,-1,-1,0,-1,-1,1,1,0
"Labour","Kate Hollern","Leave","54%",46,1,1,1,1,0,0,0,0
"Labour","George Howarth","Leave","52%",48,1,1,1,1,1,-1,-1,-1
"Labour","Rupa Huq","Remain","71%",71,1,1,1,0,1,-1,-1,-1
"Labour","Imran Hussain","Leave","55%",45,1,1,1,1,0,-1,-1,0
"Labour","Dan Jarvis","Leave","68%",32,1,-1,1,1,0,-1,-1,0
"Labour","Diana Johnson","Leave","60%",40,1,1,1,1,0,-1,-1,-1
"Labour","Darren Jones","Remain","58%",58,1,1,1,0,1,-1,-1,-1
"Labour","Gerald Jones","Leave","58%",42,1,1,1,1,0,-1,-1,0
"Labour","Debbie Abrahams","Leave","60%",40,1,1,1,0,0,-1,-1,-1
"Labour","Helen Jones","Leave","58%",42,1,-1,1,1,-1,-1,-1,-1
"Labour","Kevan Jones","Leave","60%",40,1,-1,1,-1,0,-1,-1,-1
"Labour","Sarah Jones","Leave","50%",50,1,1,1,1,1,-1,-1,0
"Labour","Susan Elan Jones","Leave","60%",40,1,1,1,0,1,-1,-1,-1
"Labour","Mike Kane","Remain","50%",50,1,0,1,1,0,-1,-1,0
"Labour","Barbara Keeley","Leave","60%",40,1,1,1,0,0,-1,-1,0
"Labour","Liz Kendall","Leave","51%",49,1,1,1,0,1,-1,-1,-1
"Labour","Afzal Khan","Remain","62%",62,1,1,1,1,0,-1,-1,0
"Labour","Ged Killen","Remain","62%",62,1,1,1,0,1,-1,-1,-1
"Labour","Stephen Kinnock","Leave","60%",40,1,0,1,1,0,-1,-1,1
"Labour","Peter Kyle","Remain","67%",67,1,1,1,1,1,-1,-1,-1
"Labour","Lesley Laird","Remain","57%",57,1,1,1,1,1,-1,-1,0
"Labour","David Lammy","Remain","76%",76,0,1,1,0,1,-1,-1,-1
"Labour","Ian Lavery","Leave","56%",44,1,0,1,1,0,-1,1,0
"Labour","Karen Lee","Leave","57%",43,1,1,1,-1,0,-1,-1,0
"Labour","Emma Lewell-Buck","Leave","62%",38,1,-1,1,0,0,-1,-1,0
"Labour","Clive Lewis","Remain","60%",60,1,1,1,-1,1,-1,-1,-1
"Labour","Tony Lloyd","Leave","57%",43,1,1,1,1,0,-1,-1,-1
"Labour","Rebecca Long Bailey","Leave","54%",46,1,1,1,1,0,-1,-1,0
"Labour","Ian C. Lucas","Leave","58%",42,1,1,1,1,-1,-1,-1,-1
"Labour","Holly Lynch","Leave","59%",41,1,1,1,1,0,-1,-1,0
"Labour","Steve McCabe","Remain","53%",53,1,1,1,1,0,-1,-1,0
"Labour","Kerry McCarthy","Remain","53%",53,1,1,1,-1,1,-1,-1,-1
"Labour","Siobhain McDonagh","Remain","55%",55,-1,1,-1,-1,1,-1,-1,-1
"Labour","Andy McDonald","Leave","66%",34,1,1,1,1,0,-1,0,0
"Labour","John McDonnell","Leave","58%",42,1,1,1,1,0,-1,-1,0
"Labour","Pat McFadden","Leave","68%",32,1,1,1,0,0,-1,-1,-1
"Labour","Conor McGinn","Leave","58%",42,1,1,1,1,0,-1,-1,0
"Labour","Alison McGovern","Remain","53%",53,1,1,1,0,0,-1,-1,-1
"Labour","Liz McInnes","Leave","62%",38,1,0,1,1,0,-1,-1,0
"Labour","Catherine McKinnell","Leave","57%",43,1,1,1,0,1,-1,-1,-1
"Labour","Jim McMahon","Leave","61%",39,1,0,1,1,0,-1,-1,0
"Labour","Anna McMorrin","Remain","61%",61,-1,1,1,-1,1,-1,-1,-1
"Labour","Justin Madders","Leave","58%",42,1,-1,1,1,0,-1,-1,-1
"Labour","Khalid Mahmood","Leave","51%",49,1,1,1,1,0,-1,-1,0
"Labour","Shabana Mahmood","Remain","64%",64,1,1,1,1,1,-1,-1,-1
"Labour","Seema Malhotra","Leave","56%",44,1,1,1,1,0,-1,-1,-1
"Labour","John Mann","Leave","68%",32,-1,-1,1,-1,-1,-1,-1,-1
"Labour","Gordon Marsden","Leave","68%",32,1,1,1,1,-1,-1,-1,-1
"Labour","Sandy Martin","Leave","56%",44,1,1,1,1,1,-1,-1,-1
"Labour","Rachael Maskell","Remain","61%",61,1,1,1,-1,1,-1,-1,-1
"Labour","Christian Matheson","Remain","58%",58,1,1,1,-1,1,-1,-1,-1
"Labour","Ian Mearns","Leave","56%",44,1,0,1,1,0,-1,-1,0
"Labour","Edward Miliband","Leave","72%",28,1,1,1,1,0,-1,-1,0
"Labour","Madeleine Moon","Leave","50%",50,1,1,1,-1,1,-1,-1,-1
"Labour","Jessica Morden","Leave","59%",41,1,1,1,0,0,-1,-1,0
"Labour","Stephen Morgan","Leave","52%",48,1,1,1,-1,1,-1,-1,-1
"Labour","Grahame Morris","Leave","66%",34,-1,-1,1,-1,-1,-1,-1,-1
"Labour","Ian Murray","Remain","78%",78,1,1,0,1,1,-1,-1,-1
"Labour","Lisa Nandy","Leave","63%",37,1,0,1,1,1,-1,0,0
"Labour","Alex Norris","Leave","64%",36,1,1,1,1,0,-1,-1,0
"Labour","Melanie Onn","Leave","71%",29,1,-1,1,1,0,-1,0,0
"Labour","Chi Onwurah","Remain","52%",52,1,1,1,1,1,-1,-1,-1
"Labour","Kate Osamor","Remain","54%",54,1,1,1,-1,1,-1,-1,-1
"Labour","Albert Owen",NA,NA,NA,1,1,1,1,1,-1,-1,0
"Labour","Stephanie Peacock","Leave","71%",29,1,-1,1,1,0,-1,-1,0
"Labour","Teresa Pearce","Leave","55%",45,1,1,1,0,0,-1,-1,0
"Labour","Matthew Pennycook","Remain","64%",64,1,1,1,1,1,-1,-1,-1
"Labour","Toby Perkins","Leave","59%",41,1,1,1,1,-1,-1,-1,-1
"Labour","Jess Phillips","Leave","60%",40,1,1,1,1,1,-1,-1,-1
"Labour","Bridget Phillipson","Leave","62%",38,1,1,1,0,0,-1,-1,-1
"Labour","Laura Pidcock","Leave","55%",45,1,1,1,1,0,-1,-1,0
"Labour","Jo Platt","Leave","63%",37,1,0,1,1,0,-1,-1,0
"Labour","Luke Pollard","Leave","54%",46,1,1,1,1,1,-1,-1,-1
"Labour","Stephen Pound","Remain","54%",54,1,1,1,1,0,-1,-1,0
"Labour","Lucy Powell","Remain","64%",64,1,1,1,1,0,-1,-1,0
"Labour","Yasmin Qureshi","Leave","63%",37,1,1,1,1,0,-1,-1,0
"Labour","Faisal Rashid","Leave","51%",49,1,1,1,1,1,-1,-1,0
"Labour","Angela Rayner","Leave","62%",38,1,1,1,1,0,-1,-1,0
"Labour","Steve Reed","Remain","59%",59,1,1,1,1,1,-1,-1,0
"Labour","Christina Rees","Leave","54%",46,1,1,1,1,0,-1,-1,0
"Labour","Ellie Reeves","Remain","65%",65,1,1,1,0,1,-1,-1,-1
"Labour","Rachel Reeves","Leave","53%",47,1,1,1,1,1,-1,-1,-1
"Labour","Emma Reynolds","Leave","68%",32,1,1,1,1,0,-1,-1,-1
"Labour","Jonathan Reynolds","Leave","59%",41,1,1,1,1,0,-1,-1,0
"Labour","Marie Rimmer","Leave","56%",44,1,1,1,1,1,-1,-1,-1
"Labour","Geoffrey Robinson","Leave","58%",42,1,1,1,1,-1,-1,-1,0
"Labour","Matt Rodda","Remain","62%",62,1,1,1,1,1,-1,-1,0
"Labour","Danielle Rowley","Remain","62%",62,1,1,1,1,1,-1,-1,0
"Labour","Chris Ruane","Leave","57%",43,1,1,1,1,0,-1,-1,-1
"Labour","Lloyd Russell-Moyle","Remain","56%",56,1,1,1,-1,1,-1,-1,-1
"Labour","Naz Shah","Remain","53%",53,1,1,1,1,0,-1,-1,0
"Labour","Virendra Sharma","Remain","58%",58,1,1,1,1,1,-1,-1,-1
"Labour","Barry Sheerman","Leave","52%",48,1,1,1,0,1,-1,-1,-1
"Labour","Paula Sherriff","Leave","57%",43,1,0,1,1,0,-1,-1,0
"Labour","Tulip Siddiq","Remain","76%",76,1,1,1,-1,1,-1,-1,-1
"Labour","Dennis Skinner","Leave","70%",30,-1,-1,1,-1,-1,1,-1,1
"Labour","Andy Slaughter","Remain","69%",69,1,1,1,0,1,-1,-1,-1
"Labour","Ruth Smeeth","Leave","72%",28,1,-1,1,-1,-1,-1,-1,-1
"Labour","Cat Smith","Leave","52%",48,1,1,1,1,0,-1,-1,0
"Labour","Eleanor Smith","Leave","54%",46,1,1,1,1,0,-1,-1,0
"Labour","Jeff Smith","Remain","75%",75,1,1,1,1,1,-1,-1,-1
"Labour","Laura Smith","Leave","60%",40,1,-1,1,-1,0,-1,-1,-1
"Labour","Nick Smith","Leave","62%",38,1,1,1,0,0,-1,-1,0
"Labour","Owen Smith","Remain","53%",53,0,1,0,-1,1,-1,-1,-1
"Labour","Karin Smyth","Remain","53%",53,1,1,1,1,1,-1,-1,-1
"Labour","Gareth Snell","Leave","65%",35,1,-1,1,-1,-1,-1,-1,-1
"Labour","Alex Sobel","Remain","65%",65,1,1,1,1,1,-1,-1,-1
"Labour","John Spellar","Leave","62%",38,1,-1,1,-1,-1,-1,-1,-1
"Labour","Keir Starmer","Remain","73%",73,1,1,1,1,0,-1,-1,0
"Labour","Jo Stevens","Remain","68%",68,0,1,0,-1,1,-1,-1,-1
"Labour","Wes Streeting","Leave","53%",47,1,1,1,0,1,-1,-1,-1
"Labour","Graham Stringer",NA,NA,NA,-1,-1,0,-1,-1,0,1,-1
"Labour","Paul Sweeney","Remain","59%",59,1,1,1,1,1,-1,-1,0
"Labour","Mark Tami","Leave","58%",42,1,1,1,0,0,-1,-1,0
"Labour","Gareth Thomas","Remain","55%",55,1,1,1,1,1,-1,-1,-1
"Labour","Nick Thomas-Symonds","Leave","61%",39,1,1,1,0,0,-1,-1,0
"Labour","Emily Thornberry","Remain","72%",72,1,1,1,1,0,-1,-1,0
"Labour","Stephen Timms","Remain","54%",54,1,1,1,1,1,-1,-1,0
"Labour","Jon Trickett","Leave","68%",32,1,0,1,1,0,-1,-1,0
"Labour","Anna Turley","Leave","68%",32,1,1,1,0,1,-1,-1,-1
"Labour","Karl Turner","Leave","73%",27,1,1,1,1,0,0,0,0
"Labour","Derek Twigg","Leave","58%",42,1,-1,1,-1,-1,-1,-1,-1
"Labour","Stephen Twigg","Remain","50%",50,1,1,1,1,1,-1,-1,0
"Labour","Liz Twist","Leave","56%",44,1,1,1,1,0,-1,-1,0
"Labour","Keith Vaz","Leave","54%",46,1,1,1,1,1,-1,-1,0
"Labour","Valerie Vaz","Leave","62%",38,1,1,1,1,0,-1,-1,0
"Labour","Thelma Walker","Leave","50%",50,1,1,1,-1,1,-1,-1,-1
"Labour","Tom Watson","Leave","68%",32,1,1,1,1,0,-1,-1,0
"Labour","Catherine West","Remain","75%",75,1,1,1,0,1,-1,-1,-1
"Labour","Matt Western","Remain","58%",58,1,1,1,1,1,-1,-1,-1
"Labour","Alan Whitehead","Remain","51%",51,1,1,1,1,1,-1,-1,-1
"Labour","Martin Whitfield","Remain","65%",65,1,1,1,0,1,-1,-1,0
"Labour","Paul Williams","Leave","58%",42,-1,1,1,-1,1,-1,-1,-1
"Labour","Phil Wilson","Leave","59%",41,1,1,1,1,0,-1,-1,0
"Labour","Mohammad Yasin","Leave","52%",48,1,1,1,1,1,-1,-1,-1
"Labour","Daniel Zeichner","Remain","74%",74,0,1,0,-1,1,-1,-1,-1
"Other","Heidi Allen","Remain","62%",62,-1,1,-1,-1,1,-1,0,-1
"Other","Ian Austin","Leave","71%",29,1,-1,1,1,0,-1,-1,0
"Other","Luciana Berger","Remain","65%",65,-1,1,-1,-1,1,-1,-1,-1
"Other","Tom Brake","Leave","56%",44,0,1,0,0,1,-1,-1,0
"Other","Sir Vince Cable","Remain","67%",67,0,1,-1,0,1,-1,-1,-1
"Other","Gregory Campbell","Remain","52%",52,-1,-1,-1,0,-1,0,1,0
"Other","Alistair Carmichael","Remain","60%",60,0,1,0,0,1,-1,-1,0
"Other","Ann Coffey","Remain","53%",53,-1,1,-1,-1,1,-1,-1,-1
"Other","Sir Edward Davey","Remain","59%",59,0,1,0,0,1,-1,-1,0
"Other","Nigel Dodds","Remain","50%",50,-1,-1,-1,0,-1,0,1,0
"Other","Sir Jeffrey M. Donaldson","Leave","53%",47,-1,-1,-1,0,-1,0,1,0
"Other","Jonathan Edwards","Leave","53%",47,0,1,0,1,1,-1,-1,0
"Other","Tim Farron","Remain","53%",53,0,1,0,0,1,-1,-1,0
"Other","Frank Field","Leave","52%",48,-1,-1,-1,-1,-1,-1,-1,-1
"Other","Mike Gapes","Remain","57%",57,-1,1,-1,-1,1,-1,-1,-1
"Other","Paul Girvan","Remain","59%",59,-1,-1,-1,0,-1,0,1,0
"Other","Lady Hermon","Remain","52%",52,-1,1,-1,-1,1,-1,-1,-1
"Other","Wera Hobhouse","Remain","68%",68,-1,1,-1,-1,1,-1,-1,-1
"Other","Christine Jardine","Remain","71%",71,0,1,0,0,1,-1,-1,0
"Other","Ben Lake","Remain","55%",55,0,1,0,1,1,-1,-1,0
"Other","Norman Lamb","Leave","58%",42,1,1,0,1,0,-1,-1,0
"Other","Chris Leslie","Remain","57%",57,-1,1,-1,-1,1,-1,-1,-1
"Other","Ivan Lewis","Leave","55%",45,1,-1,1,1,0,-1,-1,-1
"Other","Emma Little Pengelly","Remain","70%",70,-1,-1,-1,0,-1,0,1,0
"Other","Stephen Lloyd","Leave","57%",43,1,0,1,1,1,-1,-1,1
"Other","Caroline Lucas","Remain","74%",74,-1,1,-1,-1,1,-1,-1,-1
"Other","Layla Moran","Remain","62%",62,0,1,0,0,1,-1,-1,0
"Other","Fiona Onasanya","Leave","63%",37,-1,1,0,1,0,-1,-1,-1
"Other","Ian Paisley","Leave","62%",38,-1,-1,-1,0,-1,0,1,0
"Other","Gavin Robinson","Leave","52%",48,-1,-1,-1,0,-1,0,1,0
"Other","Joan Ryan","Remain","51%",51,0,1,-1,-1,1,-1,-1,-1
"Other","Liz Saville Roberts","Remain","53%",53,0,1,0,1,1,-1,-1,0
"Other","Jim Shannon","Leave","56%",44,-1,-1,-1,0,-1,-1,1,0
"Other","Gavin Shuker","Leave","55%",45,-1,1,-1,-1,1,-1,-1,-1
"Other","David Simpson","Leave","53%",47,-1,-1,-1,0,-1,0,1,0
"Other","Angela Smith","Leave","61%",39,-1,1,-1,-1,1,-1,-1,-1
"Other","Anna Soubry","Leave","53%",47,-1,1,-1,-1,1,-1,-1,-1
"Other","Jamie Stone","Leave","51%",49,0,1,0,0,1,-1,-1,0
"Other","Jo Swinson","Remain","73%",73,0,1,0,0,1,-1,-1,0
"Other","Chuka Umunna","Remain","80%",80,-1,1,-1,-1,1,-1,-1,-1
"Other","Hywel Williams","Remain","64%",64,0,1,0,1,1,-1,-1,0
"Other","Chris Williamson","Leave","54%",46,1,-1,1,-1,-1,0,-1,0
"Other","Sammy Wilson","Leave","55%",45,-1,-1,-1,0,-1,0,1,0
"Other","Sarah Wollaston","Leave","54%",46,-1,1,-1,-1,1,-1,-1,-1
"Other","John Woodcock","Leave","57%",43,0,1,-1,0,1,-1,-1,-1
"Scottish National Party","Hannah Bardell","Remain","57%",57,0,1,0,0,1,-1,-1,-1
"Scottish National Party","Mhairi Black","Remain","65%",65,0,1,0,0,1,-1,-1,-1
"Scottish National Party","Ian Blackford","Remain","56%",56,0,1,0,0,1,-1,-1,-1
"Scottish National Party","Kirsty Blackman","Remain","57%",57,0,1,0,0,1,-1,-1,-1
"Scottish National Party","Deidre Brock","Remain","78%",78,0,1,0,0,1,-1,-1,-1
"Scottish National Party","Alan Brown","Remain","61%",61,0,1,0,0,1,-1,-1,-1
"Scottish National Party","Lisa Cameron","Remain","63%",63,0,1,0,0,1,-1,-1,-1
"Scottish National Party","Douglas Chapman","Remain","61%",61,0,1,0,0,1,-1,-1,-1
"Scottish National Party","Joanna Cherry","Remain","72%",72,0,1,0,0,1,-1,-1,-1
"Scottish National Party","Ronnie Cowan","Remain","64%",64,0,1,0,0,1,-1,-1,-1
"Scottish National Party","Angela Crawley","Remain","64%",64,0,1,0,0,1,-1,-1,-1
"Scottish National Party","Martyn Day","Remain","58%",58,0,1,0,0,1,-1,-1,-1
"Scottish National Party","Martin Docherty-Hughes","Remain","62%",62,0,1,0,0,1,-1,-1,-1
"Scottish National Party","Marion Fellows","Remain","62%",62,0,1,0,0,1,-1,-1,-1
"Scottish National Party","Stephen Gethins","Remain","64%",64,0,1,0,0,1,-1,-1,-1
"Scottish National Party","Patricia Gibson","Remain","58%",58,0,1,0,0,1,-1,-1,-1
"Scottish National Party","Patrick Grady","Remain","78%",78,0,1,0,0,1,-1,0,-1
"Scottish National Party","Peter Grant","Remain","52%",52,0,1,0,0,1,-1,-1,-1
"Scottish National Party","Neil Gray","Remain","60%",60,0,1,0,0,1,-1,-1,-1
"Scottish National Party","Drew Hendry","Remain","60%",60,0,1,0,0,1,-1,-1,-1
"Scottish National Party","Stewart Hosie","Remain","62%",62,0,1,0,0,1,-1,-1,-1
"Scottish National Party","Chris Law","Remain","59%",59,0,1,0,0,1,-1,-1,-1
"Scottish National Party","David Linden","Remain","56%",56,0,1,0,0,1,-1,-1,-1
"Scottish National Party","Stewart Malcolm McDonald","Remain","72%",72,0,1,0,0,1,-1,-1,-1
"Scottish National Party","Stuart C. McDonald","Remain","63%",63,0,1,0,0,1,-1,-1,-1
"Scottish National Party","Angus Brendan MacNeil","Remain","55%",55,0,0,0,0,1,-1,-1,-1
"Scottish National Party","Carol Monaghan","Remain","69%",69,0,1,0,0,1,-1,-1,-1
"Scottish National Party","Gavin Newlands","Remain","65%",65,0,1,0,0,1,-1,-1,-1
"Scottish National Party","Brendan O'Hara","Remain","61%",61,0,1,0,0,1,-1,-1,-1
"Scottish National Party","Tommy Sheppard","Remain","72%",72,0,1,0,0,1,-1,-1,-1
"Scottish National Party","Chris Stephens","Remain","59%",59,0,1,0,0,1,-1,-1,-1
"Scottish National Party","Alison Thewliss","Remain","71%",71,0,1,0,0,1,-1,-1,-1
"Scottish National Party","Philippa Whitford","Remain","58%",58,0,1,0,0,1,-1,-1,-1
"Scottish National Party","Pete Wishart","Remain","60%",60,0,0,0,0,1,-1,-1,-1
